date,Principal Component 1,Principal Component 2
1953-04-01,0.10149657268555122,-0.01488321683824441
1953-05-01,-1.545488268053361,-0.45099030497822284
1953-06-01,-0.16029330435501302,-0.30288458967258625
1953-07-01,1.2113724517596975,0.3646125002531722
1953-08-01,0.16754841925183123,-0.40694434725374257
1953-09-01,0.6471627323455058,0.03529835420247572
1953-10-01,2.423441944599375,-0.5213967581956249
1953-11-01,0.3552937276783836,-0.5115423834888188
1953-12-01,0.9051181799078012,0.25681126457942105
1954-01-01,1.669674399817384,-0.585214510057537
1954-02-01,1.723239152257197,-1.1898498758796627
1954-03-01,0.8708480849741799,0.3534708965339872
1954-04-01,1.1490623299374767,-0.6967231187153992
1954-05-01,-0.006146771490804618,-1.089331930861478
1954-06-01,0.2887874316737597,-0.2954691742072171
1954-07-01,0.6917423352711423,0.4593421510058727
1954-08-01,-0.43144118449351604,0.040278767969011454
1954-09-01,-0.9830531794776796,1.012870413215164
1954-10-01,-0.9722582169408621,0.6983525141372596
1954-11-01,-0.23284550993569264,-0.4191583796438334
1954-12-01,-0.5049567078329484,0.23176461579024477
1955-01-01,-1.5132911812845502,0.5423232791119792
1955-02-01,-0.8378552135349445,0.7030132887737995
1955-03-01,-0.5535119354186292,-0.07992474747167008
1955-04-01,-0.7648942011088543,0.414069840207645
1955-05-01,-0.18365494440444213,0.508500360071853
1955-06-01,-0.053824296785320726,-0.061346099847081635
1955-07-01,-0.8938321869697354,-0.05402539025819251
1955-08-01,-1.2670644736026313,0.8688318559628253
1955-09-01,0.20748623335436628,-0.04381946759070843
1955-10-01,0.6115522095070955,0.3556428660711707
1955-11-01,-0.31962886338579094,0.18877560462862267
1955-12-01,-0.8635625706842907,0.3932118602853046
1956-01-01,0.7768766015267375,-0.17162924932225898
1956-02-01,0.7685278009646704,-0.028087085878089914
1956-03-01,-1.1214350368252386,-0.13661798132546363
1956-04-01,-1.8015003580138207,0.04615107977387631
1956-05-01,0.7348188960440986,0.3581669079318461
1956-06-01,0.8989012979618601,-0.23115060987418584
1956-07-01,-0.6351721073636902,-0.34861419925813636
1956-08-01,-1.8120796991538553,0.10239563685007652
1956-09-01,-0.4851522289323319,0.38045592585403853
1956-10-01,0.5233194275173044,-0.034320491481047065
1956-11-01,-0.8615246990159355,-0.11590284175406645
1956-12-01,-0.7758675571041073,0.16516703731304933
1957-01-01,1.3761910293200712,-0.19608231339774235
1957-02-01,0.5556013808401521,0.3114475053398825
1957-03-01,-0.2549879127333472,-0.13839873290774432
1957-04-01,-0.28807406396195095,-0.07513979489226194
1957-05-01,-0.4089114460742534,-0.35673644432710805
1957-06-01,-0.9820860538192574,-0.205487354914624
1957-07-01,-0.7148052749573559,-0.0693330345324485
1957-08-01,-0.10740169697602543,0.34059517689879415
1957-09-01,0.006133159307320009,0.08701735851628156
1957-10-01,-0.03344815997221791,-0.23575628063216011
1957-11-01,1.8725418872144601,-0.10725173999604681
1957-12-01,3.2004535660021887,0.6210406536000174
1958-01-01,1.7733498899076987,-0.7430226795315488
1958-02-01,1.505021028200295,-1.519703330916688
1958-03-01,1.1368458871794203,-0.2597493703012673
1958-04-01,1.8899502826411012,-1.0575680035622765
1958-05-01,0.4782208076383037,-0.45386741401729447
1958-06-01,0.16121777467646278,-0.8678024162069123
1958-07-01,-2.8716264462507644,1.2261115111519385
1958-08-01,-4.647932578835745,2.52671185773634
1958-09-01,-2.404235549110084,0.7551133977332419
1958-10-01,-0.435867011274847,0.17337002617500555
1958-11-01,0.534692355654921,-0.04279749848937001
1958-12-01,-0.6416513869949925,0.08742976525309062
1959-01-01,-0.7739111348302152,-0.2780284526328323
1959-02-01,0.1305320304319155,0.481437617133888
1959-03-01,-0.09684825455742568,0.04692245565501884
1959-04-01,-0.4667461568042059,-0.13423671712882856
1959-05-01,-0.9892758349437513,-0.04240327990089684
1959-06-01,-0.5116307825439221,0.06995350910157416
1959-07-01,-0.4008643302946177,0.36304132058364774
1959-08-01,0.063861784834652,-0.01548248216636461
1959-09-01,-1.4818318561982258,0.2955229913267272
1959-10-01,0.8700045750288922,0.026626343280810993
1959-11-01,0.009998402857072635,-0.008973887464141139
1959-12-01,-0.9207911211149792,0.06721079104502982
1960-01-01,0.3624745101822704,-0.174240362479348
1960-02-01,1.2168472043564766,-0.055289471663882823
1960-03-01,1.8329114366257984,-0.37659367962463924
1960-04-01,0.10387649322409256,-0.02635969650017291
1960-05-01,-0.6017966296778761,0.0450297542863005
1960-06-01,2.016634668715602,-0.8578161176105441
1960-07-01,1.617256654833944,0.2581451056918503
1960-08-01,1.089924065252037,-0.2661604384979852
1960-09-01,-0.011943260031649364,0.26308418699965436
1960-10-01,-0.3984663550107425,-0.3474095275964707
1960-11-01,-0.16329770538155153,-0.026621381922110967
1960-12-01,0.9529151449281584,-0.25633876714990844
1961-01-01,0.21659578946572247,-0.1389765555409769
1961-02-01,0.026505573197544683,0.40259651469247826
1961-03-01,0.4965311924461477,-0.03170979046134662
1961-04-01,0.11914355235353385,-0.07617062603532605
1961-05-01,0.571927788259077,0.1499103975094085
1961-06-01,-1.5623328068337752,-0.09108978118771457
1961-07-01,0.1912238171062517,-0.42408058784058095
1961-08-01,-0.6510692177885442,0.025575090388017044
1961-09-01,0.356084369506948,0.1278572994935943
1961-10-01,0.5298603861347189,0.11985792189329636
1961-11-01,0.048297580705632726,-0.02822187005781839
1961-12-01,-0.48930099610127825,-0.045116438750269994
1962-01-01,-0.10323994087920677,0.1409723538708065
1962-02-01,0.3556776333849012,0.07517775921723895
1962-03-01,1.141533141545965,-0.159778635030491
1962-04-01,0.5802873789526392,0.044750161677856344
1962-05-01,-0.09835375300654399,-0.028325207931417105
1962-06-01,0.09103964853690213,-0.07916707256111986
1962-07-01,-0.8973731772680917,0.2920356917420115
1962-08-01,0.6051377705071291,-0.11157281448394764
1962-09-01,0.3377403409963759,-0.3085922747950848
1962-10-01,0.497544801209688,-0.07044661077504324
1962-11-01,0.08289524629973179,0.09454091095961481
1962-12-01,0.33055786933221937,0.14089353495203563
1963-01-01,0.07539487823326427,0.09680360739759525
1963-02-01,-0.13443607123090276,-0.31894591941781203
1963-03-01,0.024339392591292034,-0.002387201795142656
1963-04-01,-0.25063707976676514,0.05807623739763689
1963-05-01,0.1628002766796393,0.10249769325524864
1963-06-01,-0.2990828073010804,-0.011964123735160268
1963-07-01,-0.5131453731015972,0.4780964110794866
1963-08-01,0.10327032555222221,0.11604912520677076
1963-09-01,-0.2248564110723519,-0.128311051966642
1963-10-01,-0.06763504110614521,0.0620716173321446
1963-11-01,-0.1339598223308131,0.13450834101346962
1963-12-01,-0.06675946019464489,0.07983210867329317
1964-01-01,-0.01139169989420982,-0.1367966461167255
1964-02-01,0.2687095411128201,0.020463814754280343
1964-03-01,-0.4035898698127697,0.03356288724602495
1964-04-01,0.056290929869312646,-0.03489900563711779
1964-05-01,0.4917338794479276,-0.03639459495489273
1964-06-01,0.2603685740485886,0.03300072500519672
1964-07-01,0.25414995895908987,-0.2641617066372161
1964-08-01,0.07801615052501248,0.004394382802570188
1964-09-01,-0.11476375737146749,0.13733325026326682
1964-10-01,0.12626363102128205,0.043784004469519335
1964-11-01,0.17203669077159775,0.16296008731184305
1964-12-01,-0.13294242830465164,0.08834816568652176
1965-01-01,0.20894150289477526,-0.18215499881528407
1965-02-01,-0.10990362454096951,0.07411712340919964
1965-03-01,0.04142769049102126,0.04228640845521848
1965-04-01,0.1661646550887697,-0.033879721104611966
1965-05-01,0.12372725466605461,-0.05248107774084029
1965-06-01,0.18691463873387834,-0.08811252615215849
1965-07-01,0.13563153777631218,-0.013921493749926952
1965-08-01,-0.18353986517955195,0.02493319589875105
1965-09-01,-0.20237812104503222,0.10655825827436405
1965-10-01,-0.27395036755001323,-0.004872405373873288
1965-11-01,-0.3856029030002313,-0.13296638096471522
1965-12-01,-1.095766332007458,0.1288116951973345
1966-01-01,-0.24138236893944479,0.15656672244592668
1966-02-01,-0.5241109827047461,-0.33384479214043206
1966-03-01,0.15892024918253897,-0.011459799029354427
1966-04-01,0.5271937840273575,0.10889926950889636
1966-05-01,-0.12068768610008321,-0.03918643698515362
1966-06-01,-0.08900332668981314,-0.04741913879613198
1966-07-01,-0.7477902480733963,-0.15053037316996823
1966-08-01,-1.1301835785879284,0.0480315559057283
1966-09-01,-0.06510795412493868,0.3871863671401453
1966-10-01,0.981394308742639,0.02575592425363167
1966-11-01,-0.21784237223428693,-0.32317865219889885
1966-12-01,1.4391363385681992,0.17180673112872957
1967-01-01,1.5239385752057137,-0.09377975858779948
1967-02-01,0.038727813538608755,-0.1794467616073547
1967-03-01,0.9970106181005194,-0.30314258414593737
1967-04-01,0.3400064990089058,-0.4575866780703546
1967-05-01,-0.8781137481315234,-0.47335753098001404
1967-06-01,-0.9757170509971492,0.14506228849450303
1967-07-01,-0.8534928017254109,0.4611265668003454
1967-08-01,-0.36856642915643933,-0.04454351467281053
1967-09-01,-0.2305884869767809,0.07697297151906847
1967-10-01,-0.47867481331786293,-0.17402028879111084
1967-11-01,-0.7539159333904965,-0.1609897668432569
1967-12-01,0.16255138496043242,0.17841294865580323
1968-01-01,0.847388096774584,-0.043982619164839205
1968-02-01,-0.02708277117019609,-0.09414762609628048
1968-03-01,-0.545371638369732,-0.10466459047147071
1968-04-01,0.2913005849964535,0.29057949655078164
1968-05-01,-1.052791245136542,0.05794279525834832
1968-06-01,0.7944179032152374,0.04811533680818989
1968-07-01,1.044108719876863,-0.017554434376157956
1968-08-01,0.5512359959376865,-0.1338602808982312
1968-09-01,0.10384869508574603,-0.04076668999253204
1968-10-01,-0.293727494314111,-0.04866915911953149
1968-11-01,-0.2891179960704114,-0.010149108986644067
1968-12-01,-1.5019536544940362,-0.07887872409024202
1969-01-01,-0.1296716350024196,0.0780632276890411
1969-02-01,-0.25273090128399633,-0.15293081273281056
1969-03-01,-0.0842389030491037,-0.24160772080967768
1969-04-01,0.5072458258381657,0.0825268150731748
1969-05-01,-0.5488191062278033,-0.09972942362622454
1969-06-01,-0.8763207801276042,0.27878784706310156
1969-07-01,-0.8390976725875124,0.2883807515640885
1969-08-01,0.16361028442466427,-0.057057012895774174
1969-09-01,-1.8450882475956847,-0.9567289022899359
1969-10-01,0.508719016618212,-0.029992077610649755
1969-11-01,-0.04001890727467841,0.19546512850068887
1969-12-01,-1.4577283405731152,-0.7132083665269545
1970-01-01,-0.4386153512997099,-0.45687127032853475
1970-02-01,1.5057787832108387,0.3073765675730649
1970-03-01,1.694037652047387,0.046495488234893044
1970-04-01,-0.9632649017392045,-0.6289654737716248
1970-05-01,-1.8569224445832853,-0.39848745035254046
1970-06-01,0.46486918572182323,-0.04254480458940361
1970-07-01,1.1926977299548405,0.16127301395853452
1970-08-01,0.17741170137076498,-0.20365410344079066
1970-09-01,0.9473345902492617,0.07612536676619837
1970-10-01,0.5996259939762744,-0.15793223534882217
1970-11-01,2.542762748715497,0.1316756920619328
1970-12-01,2.2291697798340615,0.4542047089761164
1971-01-01,0.7804074625097327,-0.3558091054682727
1971-02-01,1.718097546423017,-0.5744807081922916
1971-03-01,2.447497019111926,0.8180010311366603
1971-04-01,-2.6244016120825338,0.16418787426465195
1971-05-01,-3.074410638390141,-0.3488567645383335
1971-06-01,-1.1537939167347497,0.32474397395966215
1971-07-01,-1.2189258532121083,-0.12529696316538402
1971-08-01,1.1519362518292968,0.15217899667889648
1971-09-01,1.9708801457563236,0.5379725012509882
1971-10-01,1.330229374248442,-0.1364211294246161
1971-11-01,0.7651549816031795,-0.13012513074902082
1971-12-01,0.11847586221142765,-0.2827645912785148
1972-01-01,0.5689856348720149,-0.42960679440641886
1972-02-01,-0.3489661860337811,-0.3224710599726925
1972-03-01,-0.6974187397931033,0.4924260889682261
1972-04-01,-0.9859363568794801,-0.033066690455875944
1972-05-01,1.089867388793677,-0.14808891538902458
1972-06-01,-0.18759038420616816,0.3923680088990093
1972-07-01,-0.12755246541986118,-0.03294143359334185
1972-08-01,-0.19897151182676398,-0.24685535903322423
1972-09-01,-1.3294622952235635,-0.018566514646800418
1972-10-01,0.3342717362704166,0.14490677593851778
1972-11-01,0.7858933740502495,0.060082259149517314
1972-12-01,-0.25117404525245296,0.15512878770068333
1973-01-01,-0.7628908452276344,0.092396150927717
1973-02-01,-0.980994519678634,-0.19969099397011109
1973-03-01,-0.8355146153964518,0.3957042698890306
1973-04-01,0.3980192375950352,0.12963939725548196
1973-05-01,-0.4237672790974512,-0.3833864488837455
1973-06-01,-0.03182734451616208,0.37538719207969246
1973-07-01,-2.0354624112475137,0.14577740506491627
1973-08-01,-1.056887313418515,-0.28670613871544703
1973-09-01,1.7954333499156396,0.3788494696978594
1973-10-01,1.5412342471689027,-0.1375721693608049
1973-11-01,-0.27157242380510815,0.04524578528516133
1973-12-01,0.553266579550355,-0.17903379922988233
1974-01-01,-0.5752490893215827,-0.309910030654039
1974-02-01,0.5543520514621905,-0.4874025095302643
1974-03-01,-1.7813757008987399,0.05738598262215205
1974-04-01,-1.8618802196088777,-0.11030586433036445
1974-05-01,-0.4796543534702225,-0.17239597452917557
1974-06-01,0.327016594994725,-0.04205090572850822
1974-07-01,-0.8046904910933387,-0.48406719843203116
1974-08-01,-0.7999820910090344,-0.04918967137837662
1974-09-01,0.6939912480122686,-0.20751636395664225
1974-10-01,1.279059708095628,-0.188099564099177
1974-11-01,1.0943214432497839,0.08814899635857801
1974-12-01,1.2460196604199762,0.22517219194243393
1975-01-01,0.0925620930184355,-0.6312152883384581
1975-02-01,1.3299823913029154,-0.5810709645972093
1975-03-01,-0.8292968821331723,-0.5080315646786502
1975-04-01,-2.4293596566179967,-0.2101764790050768
1975-05-01,1.0599406175893653,-0.17074402830685406
1975-06-01,0.8057882566325104,0.24952101515641326
1975-07-01,-1.417126823485543,0.3164242080187293
1975-08-01,-1.3459953142436918,-0.17512262878127288
1975-09-01,-0.06506812681371543,-0.033618803871516015
1975-10-01,1.476036006736439,-0.14650334665978137
1975-11-01,0.7821575702122369,-0.3090369428673321
1975-12-01,0.18576142841002824,0.168386504410667
1976-01-01,1.4218066321198441,-0.333708786393143
1976-02-01,-0.08315213234641514,0.004151822961195093
1976-03-01,-0.011876349880279403,0.39949820662408553
1976-04-01,0.9634089090089575,0.03470718517754106
1976-05-01,-1.3397525662355845,-0.17056186750521052
1976-06-01,0.0574876768589289,0.1362397527444202
1976-07-01,0.667204092451726,-0.3677315500977182
1976-08-01,0.8145583991768864,-0.16910918069628764
1976-09-01,0.9244862911373711,0.02985069182613335
1976-10-01,1.590790684693125,-0.17573112837811194
1976-11-01,1.0529789870453414,0.05859137445344933
1976-12-01,2.254999020604487,0.18686606705863032
1977-01-01,-2.4295199689310105,-0.18861015113780474
1977-02-01,-0.9498008049856596,-0.16896882045174555
1977-03-01,-0.12910058599589577,-0.1392509786184748
1977-04-01,0.6355266787758399,0.01966808675680774
1977-05-01,-0.8795738319255229,0.3642095181621641
1977-06-01,0.8443191296233726,0.25363291806424043
1977-07-01,-0.34989807039768833,0.07189726366441528
1977-08-01,-0.909224808237516,0.4072091590155051
1977-09-01,0.0009545442429811308,0.26421934061387403
1977-10-01,-1.2374339805998056,0.16790921582804563
1977-11-01,-0.02272881192458782,-0.11904838969319485
1977-12-01,-0.3150306676574826,-0.2603474244789314
1978-01-01,-1.1544975316782138,-0.12983336198391057
1978-02-01,-0.18772808387656045,-0.08544917287643482
1978-03-01,0.048380270653797186,-0.0824861576540307
1978-04-01,-0.426554390529523,-0.04817446915413639
1978-05-01,-0.8224402514824303,0.04097628129647284
1978-06-01,-0.613874376027659,0.0446370000399667
1978-07-01,-0.6858369292832857,0.011253330440984555
1978-08-01,0.7801495145711635,0.21420182900482865
1978-09-01,-0.28185191617831173,0.2409901968767378
1978-10-01,-0.830274690215888,0.06910482032634033
1978-11-01,-1.1308400003218742,0.5146734649130055
1978-12-01,-0.7815694627016936,-0.10900387792949214
1979-01-01,-0.3147565389338728,-0.0845448497737408
1979-02-01,0.3843134718208046,-0.1676765168295188
1979-03-01,-0.07088026416837456,-0.06112813794671034
1979-04-01,-0.006161464555511918,-0.21979671333597048
1979-05-01,0.04050618147890083,-0.10204404549648688
1979-06-01,1.5412881856961005,-0.0015547303952433084
1979-07-01,0.01214688301544509,-0.10564801788839252
1979-08-01,-0.5369159949395137,0.12847842587038208
1979-09-01,-1.4424890376734303,0.22458692690585794
1979-10-01,-3.892039438441175,-0.29349516066827164
1979-11-01,-0.7372804182535206,-0.46476529921902143
1979-12-01,1.2430060422612894,0.11008480379257211
1980-01-01,-0.7309814693916998,-0.5177809041569268
1980-02-01,-5.161425234734008,-0.8541789002220221
1980-03-01,-2.0980539979500326,0.6829357277133452
1980-04-01,4.201367868104034,0.023260296199172404
1980-05-01,5.6673301312749675,-0.9657980172028336
1980-06-01,2.2447895788080974,-0.32669279659814376
1980-07-01,-1.2580009701882164,-0.18433612161857613
1980-08-01,-4.054843856867111,0.1882740543596574
1980-09-01,-2.2059640324959164,0.3803960521621263
1980-10-01,-0.9363493676458794,0.3752641229062102
1980-11-01,-2.920449488775867,0.04980392299262566
1980-12-01,-0.7998624265058999,0.14519874148167697
1981-01-01,1.2857880222721394,-0.21131808859624027
1981-02-01,-1.4425139928458979,-0.38986652694117535
1981-03-01,0.49935578535452235,-0.4587142086420041
1981-04-01,-1.3022820013841279,-0.2697505054614121
1981-05-01,-1.7528872881467237,0.6466265661066763
1981-06-01,1.766628655487988,-0.11069911858881658
1981-07-01,-1.8121087067493673,-0.3741088559039784
1981-08-01,-1.6083910699922304,-0.1503241520885238
1981-09-01,-0.49250709019426014,-0.484293041310999
1981-10-01,1.1768573211917666,-0.41750288887746895
1981-11-01,4.63404297370506,-0.049195821243637174
1981-12-01,-0.726137272812746,0.023434915352016614
1982-01-01,-2.446341389800547,-0.03852988308250054
1982-02-01,0.12726036508611357,0.39842771558363876
1982-03-01,1.4027758053827375,0.05333135302577789
1982-04-01,0.05539735478611286,-0.030063831364847235
1982-05-01,0.8403953464521035,-0.1923744243470616
1982-06-01,-1.5435233416219691,-0.2827902846061557
1982-07-01,1.1532422291457634,-0.19308876343430467
1982-08-01,2.8136643759294295,-0.3027989301876905
1982-09-01,1.8078888145881649,0.3592223704590827
1982-10-01,4.0267425687914296,0.37467618557897214
1982-11-01,1.2936321776862856,0.2135357872606676
1982-12-01,0.4145806265167843,-0.1978029641900944
1983-01-01,0.7133762881616502,-0.20211621008977343
1983-02-01,-0.7318554458145659,-0.033501430334239884
1983-03-01,0.4877350840668892,0.38397356752281536
1983-04-01,0.3252447346586384,-0.012457405541062505
1983-05-01,0.2157098291754047,-0.12500211949544401
1983-06-01,-1.831246495166628,0.02138197034949078
1983-07-01,-1.5559662245709818,-0.24792980741048048
1983-08-01,-1.0995168239831024,-0.29903493995965147
1983-09-01,0.7309290095830632,-0.11586162686146918
1983-10-01,0.6073821879923729,-0.16803060158982544
1983-11-01,-0.2610917413052285,-0.11262053060822935
1983-12-01,-0.35317304180256054,-0.06010599578091063
1984-01-01,0.62952057256967,-0.008722172939495652
1984-02-01,-0.3496092656892508,-0.12173665300191791
1984-03-01,-1.3372623553566398,-0.13844352380905825
1984-04-01,-0.8216664398564798,-0.1186478041347906
1984-05-01,-1.9586834221186789,-0.30060829135674677
1984-06-01,-0.6557153089995876,0.10043221739589164
1984-07-01,0.4608937662639551,0.16492053531494494
1984-08-01,1.4309529253655473,0.43488167831033203
1984-09-01,0.5683596819689984,-0.024093966077303516
1984-10-01,1.348645314503312,-0.097000371676164
1984-11-01,2.2233533508500654,-0.17646086196945157
1984-12-01,0.7968895910249337,-0.40544212237172556
1985-01-01,0.6243388925885127,-0.14169802995068315
1985-02-01,-0.44352989951721195,0.026662776025773053
1985-03-01,-1.197298976089884,0.06657048420016815
1985-04-01,1.6153763652764337,-0.12169163078122744
1985-05-01,2.0621140829576046,0.049583096272552765
1985-06-01,2.291855937795103,0.16120630361445815
1985-07-01,-0.2546709969274111,-0.1266436408600805
1985-08-01,-0.23279975129616978,0.12916687625874662
1985-09-01,-0.013247776608297783,-0.0506238789146775
1985-10-01,0.4915708538343256,0.060670917588816646
1985-11-01,1.380903968425501,0.4502105185862072
1985-12-01,1.7508172225754366,0.44388828900862537
1986-01-01,0.22403613267235928,0.13494379193886216
1986-02-01,1.3686445704876395,0.5530488698710883
1986-03-01,3.325317175931583,0.7559639066618771
1986-04-01,2.1746700373154026,0.12311954090232247
1986-05-01,-1.7864933397715532,-0.587774749644981
1986-06-01,-0.36297151980783504,-0.09626164216869947
1986-07-01,2.345448314752046,0.3008869648736643
1986-08-01,1.2873347962606516,-0.20102419741336477
1986-09-01,-0.5765520080864739,-0.7454238271243979
1986-10-01,0.3499892815185128,-0.04820795860234865
1986-11-01,0.516859356150856,0.3777593479558274
1986-12-01,0.4161128163880354,0.3033733942785449
1987-01-01,0.2948358528514839,-0.07491465387034088
1987-02-01,-0.6700403468695697,-0.07920413773528781
1987-03-01,0.03630926529798169,0.05402000300179074
1987-04-01,-3.263637557487723,-0.8587773194448735
1987-05-01,-2.6747506004478803,-0.3754977997914577
1987-06-01,0.9196662406060699,0.07294294267743091
1987-07-01,0.24283721983316908,-0.25681199041495195
1987-08-01,-1.1752567943227041,-0.126297863600735
1987-09-01,-2.4019607217767893,-0.33644154045954106
1987-10-01,-0.1923596804620928,-0.26418076524190554
1987-11-01,2.6029625807142014,0.22489791534504341
1987-12-01,-0.4509313114918029,0.0214326572172844
1988-01-01,1.1642021694540858,0.251088756700482
1988-02-01,1.8974991085070585,0.25523780019699627
1988-03-01,-0.4406334027100956,-0.2217201426613335
1988-04-01,-1.2840048279553953,-0.23098123488540281
1988-05-01,-1.4369212923289156,-0.14672715975371317
1988-06-01,0.33925945520974554,0.29253693947757625
1988-07-01,-0.6017533545638394,0.059272938891800735
1988-08-01,-0.9529477255742063,0.09510778594672063
1988-09-01,0.90124543071253,0.28172294398349645
1988-10-01,0.631801376690551,0.2470975423027973
1988-11-01,-0.8501564132818623,0.05844726587622345
1988-12-01,-1.0119081800433345,0.1795633541911617
1989-01-01,-0.0404267556155413,0.03961377130517424
1989-02-01,-0.32767447985440795,0.029420239699231424
1989-03-01,-0.747581564796918,-0.02473657836892581
1989-04-01,0.780802859576501,0.04381855026226743
1989-05-01,1.3988243496025845,0.11062983533463595
1989-06-01,2.221211927106218,0.33880346590626614
1989-07-01,1.7676260091729616,-0.10276888778797522
1989-08-01,-0.7935777891218637,0.07127540398799365
1989-09-01,-0.29718908768686875,-0.12011150711202215
1989-10-01,0.9515958023013406,0.008142352293666949
1989-11-01,0.8013094658342871,-0.006119180814520317
1989-12-01,0.22979392647107838,-0.03284353021068358
1990-01-01,-1.2985324720882587,-0.43551637187372194
1990-02-01,-0.954374154430474,-0.27259423328298243
1990-03-01,-0.6265522542885623,0.003714160063282977
1990-04-01,-0.45652690379553473,-0.2815107346536435
1990-05-01,0.28678625066799335,-0.08281575133177194
1990-06-01,1.1273719134278417,0.15840478849370074
1990-07-01,0.46544998148287187,-0.17120316139455535
1990-08-01,-0.22295869017291428,-0.6152814420929785
1990-09-01,-0.21437579898318415,-0.2810010135385286
1990-10-01,0.8232117299565807,0.01673485093910126
1990-11-01,1.2851253827179718,0.1961203994222646
1990-12-01,1.2517383068269372,0.14490179959311167
1991-01-01,0.48162284401436456,-0.48521060315153725
1991-02-01,1.217644088804079,-0.07927368466606863
1991-03-01,-1.0031413419583344,-0.3168520833943885
1991-04-01,0.530906355226634,-0.1365321012125527
1991-05-01,0.2919228103304114,-0.28688741082594377
1991-06-01,-0.8774949525615303,-0.11754725414094162
1991-07-01,0.20308306844110427,-0.07384198378173203
1991-08-01,2.061133319090358,-0.0945957724974248
1991-09-01,1.2770484952328194,0.09795808971080712
1991-10-01,1.162863661683039,-0.0965256955222949
1991-11-01,1.3594479200370826,-0.45476993858140224
1991-12-01,2.306858609646089,-0.2927560799343208
1992-01-01,0.3182827823982699,-0.3950345560172633
1992-02-01,-1.4080873581220794,-0.3014396016324763
1992-03-01,-1.7488646824776675,0.24547382341843438
1992-04-01,1.0850299002233903,-0.5245848105346665
1992-05-01,0.6156671980918681,-0.08988587534150799
1992-06-01,0.9035229401809539,0.1387061711353974
1992-07-01,3.231218041180642,-0.32803080177332644
1992-08-01,1.3267897535037558,0.16934742592250396
1992-09-01,1.56776921669056,-0.42159741696746267
1992-10-01,-1.113845975867845,-0.08075398730243116
1992-11-01,-2.446032784760775,0.3586408367950269
1992-12-01,0.02275282462055672,0.20795342792667612
1993-01-01,1.4250805632367245,-0.16968215284746402
1993-02-01,2.02151969868864,0.4144398452854399
1993-03-01,1.32843856299079,0.3547396065650057
1993-04-01,0.5770095584622821,-0.20703801176734007
1993-05-01,-0.5351790930744551,0.14951283836562584
1993-06-01,-0.27081421893187135,0.6266129832503978
1993-07-01,0.8459463113480326,0.13382053519216777
1993-08-01,0.6711743267912048,0.17234955353302242
1993-09-01,1.64186848011015,0.5257878320314038
1993-10-01,0.14353943186688906,0.12902952687919075
1993-11-01,-2.2675905935506497,-0.5634402370062532
1993-12-01,-0.22429989772240566,-0.08025443396261461
1994-01-01,0.4498257693126244,-0.11756187247167381
1994-02-01,-1.9006755967676385,0.14077553409775956
1994-03-01,-3.2057383115069267,-0.26084702483753786
1994-04-01,-2.936135283823427,-0.13366995205071014
1994-05-01,-1.4826992918279205,0.41673553367044563
1994-06-01,0.4510750234695527,0.0811838016411578
1994-07-01,-0.9222173305919572,-0.1067686273549044
1994-08-01,0.146818859240026,0.21073488914080327
1994-09-01,-0.9000392067159683,-0.14916693324707894
1994-10-01,-1.3835731190922367,-0.06021980054829244
1994-11-01,-1.3418251716983818,0.15688867587130093
1994-12-01,-0.5058465641478808,0.9372128571461065
1995-01-01,0.2682651881785937,-0.11606873352997733
1995-02-01,1.6275264922698949,0.11306143991608433
1995-03-01,1.452896059268728,0.12697763539020618
1995-04-01,0.9361602065750133,0.046595860616671834
1995-05-01,2.0557075529989604,0.43730474994256135
1995-06-01,2.3713493118166675,0.3893473170807626
1995-07-01,-0.3698335263170966,-0.3595020099318262
1995-08-01,-1.004506987736709,-0.2542003972845321
1995-09-01,1.3032204514182584,0.3828697729354943
1995-10-01,0.7978254127725479,0.25621245294088246
1995-11-01,0.9831942987304619,-0.028103362970368737
1995-12-01,1.137267653265132,0.2561082608743809
1996-01-01,0.9111161661130225,-0.22037343262496556
1996-02-01,-0.03718003599999272,-0.6130077274924274
1996-03-01,-3.1766396534488432,-0.44329850605499754
1996-04-01,-1.4275381740506075,-0.2784440532181088
1996-05-01,-0.7952243967865058,-0.3188802779549898
1996-06-01,-0.8480570998244952,-0.1254677561614068
1996-07-01,0.28469470877338493,0.11160200630012726
1996-08-01,1.2431981532447025,0.16283350457147772
1996-09-01,-0.9028367015994597,-0.2042250511139343
1996-10-01,1.640598007298612,0.16725771066848433
1996-11-01,1.5155913739165432,0.4524065471049141
1996-12-01,-0.38928923178216013,-0.17697170479202456
1997-01-01,-1.222952519945458,-0.40107348967383744
1997-02-01,0.7787009360193088,0.16326958753589296
1997-03-01,-1.54196582291307,-0.254958116600939
1997-04-01,-0.9616790920765319,-0.16653245940774558
1997-05-01,0.9654427496710821,0.16193028489300196
1997-06-01,1.0712622092593298,0.13586462173847658
1997-07-01,1.3208717767824665,0.3043403621373497
1997-08-01,-0.22652130373015217,-0.17290168777828752
1997-09-01,0.47837952228484254,0.08313941584809831
1997-10-01,0.8733136498653602,0.24755517960845888
1997-11-01,0.6876258647248455,0.30652307143113255
1997-12-01,0.26753309356297056,0.22176908846925214
1998-01-01,1.8754982391609782,0.17107304898326323
1998-02-01,-0.23332457465569104,-0.05351955746406464
1998-03-01,-0.547292188181976,-0.11171568057894982
1998-04-01,0.12204603162911377,-0.02352837396989759
1998-05-01,-0.04024364401827093,0.01604837190733891
1998-06-01,0.7451671909514463,0.28530991409691797
1998-07-01,0.3841821348509646,-0.014176469615290671
1998-08-01,1.0972760240168407,0.05857678046002781
1998-09-01,3.6544117313563698,0.5864872918612112
1998-10-01,2.887169952795502,-0.28485640758238695
1998-11-01,-2.6022899158761588,-0.08786784824693643
1998-12-01,0.8014847424191094,0.3979357112408004
1999-01-01,-0.6616726647639425,-0.3394238033233441
1999-02-01,-1.822295728733877,-0.5096668693897953
1999-03-01,-1.2617191144591917,-0.5392642189744089
1999-04-01,0.5314298455387634,-0.02848326520158379
1999-05-01,-1.906440800970596,-0.68900252948573
1999-06-01,-2.059811115767439,-0.4980869700719896
1999-07-01,0.6517555981624751,0.12662807722974725
1999-08-01,-0.8236007133380754,-0.18950826643685945
1999-09-01,0.20045500702717137,0.08514255658015069
1999-10-01,-1.0132358852604881,-0.2134683851626377
1999-11-01,0.3732601655657046,0.3774116778121885
1999-12-01,-1.1635574693726018,-0.13225405014901823
2000-01-01,-1.7099232436948786,-0.40245784275328206
2000-02-01,-0.13715063160323904,0.2716406234984151
2000-03-01,0.8988285057699316,0.45859424357138395
2000-04-01,1.1244846343561015,0.43709399494124757
2000-05-01,-1.980688137305282,-0.712302179648749
2000-06-01,1.7179637339971456,0.4607185109807167
2000-07-01,0.638715630815631,-0.007240368858455959
2000-08-01,0.7757326774433634,0.47995721347451403
2000-09-01,0.5871953832223854,-0.02279515024232578
2000-10-01,0.7978077145593372,0.0035285553238588066
2000-11-01,0.30570913831295343,0.15077419790494864
2000-12-01,2.915983391564783,0.4425483314557692
2001-01-01,2.1114124370946303,-0.9562026807786931
2001-02-01,0.42656671187637973,-0.1917588165340892
2001-03-01,1.8228064125030818,-0.14810919047661533
2001-04-01,-0.2823325432157482,-1.2354994731055031
2001-05-01,-0.7212906495807022,-1.0250939334889455
2001-06-01,1.0367614751862235,-0.22302312718039533
2001-07-01,0.37468373649319237,0.17293784491812011
2001-08-01,1.7369339522508858,0.15394599351690902
2001-09-01,3.503908609397054,-0.9194711170111799
2001-10-01,2.4534298451593037,-1.0138931956247665
2001-11-01,-0.2995555608044498,-0.6972035950399103
2001-12-01,-3.054453353925323,-0.9915580600478803
2002-01-01,0.6109024792018688,-0.12407951022040113
2002-02-01,0.386587687663302,0.47531624769726266
2002-03-01,-3.71149417105186,0.32069847985384214
2002-04-01,0.8959072701909445,-0.134998941247493
2002-05-01,1.1462490350728431,-0.2710020671483628
2002-06-01,2.1763813950877853,0.07560867590792583
2002-07-01,3.1080945515905842,-0.28894638103504705
2002-08-01,3.9951392681063025,0.17336126058286075
2002-09-01,2.762414364094821,1.0880413371011826
2002-10-01,0.3402957584942629,-0.6847586013048961
2002-11-01,-0.3701469070613924,-1.0941447418219474
2002-12-01,0.646798918849748,-0.31116864390608123
2003-01-01,0.620829711149873,-0.6480429187830942
2003-02-01,1.6364162589756233,0.06894140632858047
2003-03-01,1.1880280498470919,-0.017205603071989095
2003-04-01,-1.1682709891723162,-0.40561879840338133
2003-05-01,3.887304580515283,0.7538526943588075
2003-06-01,3.356321155373475,-0.32861584142173617
2003-07-01,-6.824767624047379,-1.8717975200486292
2003-08-01,-5.726871255257845,-0.04509249577750466
2003-09-01,2.0290064143905977,0.05457212888243008
2003-10-01,-0.16453677830488778,0.04657382529861446
2003-11-01,-1.2856022956029058,0.6464879447574742
2003-12-01,0.3550420905122393,-0.12179107756008213
2004-01-01,1.6650860423288945,-0.15315583222215567
2004-02-01,0.5198355839119992,0.18359089215831167
2004-03-01,2.662952898150426,0.46407625626521515
2004-04-01,-6.671551992024587,-0.07433089127404996
2004-05-01,-4.749000896135781,0.8405525108359145
2004-06-01,-1.3262817774601403,1.432467023985188
2004-07-01,1.7098875455093392,0.5547148561723036
2004-08-01,1.7466841056291627,0.3287775309760695
2004-09-01,0.6961879700809576,0.8706740485667296
2004-10-01,-0.10795616330059941,0.4372392899090882
2004-11-01,-1.8389253654351974,0.6594385650078317
2004-12-01,-0.8129592060666001,0.4268879218604982
2005-01-01,-0.9212013398211579,0.5791076884649943
2005-02-01,-0.5185528579396993,0.5954728725570047
2005-03-01,-2.931470085549365,-0.42935689860347154
2005-04-01,1.0838106672755972,0.5114726445401399
2005-05-01,1.1006934012317053,0.7101226859654297
2005-06-01,0.6159788821710176,0.44044881989785833
2005-07-01,-1.7173598138856823,-0.01910641047647697
2005-08-01,-1.0355007027087417,0.14828622115222967
2005-09-01,0.7735400959173343,0.15014191473099564
2005-10-01,-2.326162478614436,-0.24324231653485232
2005-11-01,-0.7655810846304347,8.385233579154015e-05
2005-12-01,0.4454836518654638,0.21373468391245723
2006-01-01,0.27019476952652927,0.267742541435509
2006-02-01,-1.481079331362405,-0.08327960387355139
2006-03-01,-0.7684729876399661,-0.3736187014716807
2006-04-01,-1.2530947279659828,-0.5292200973079001
2006-05-01,-0.5291175492163881,-0.17390042182721488
2006-06-01,-0.39398341365999673,0.19607077973414822
2006-07-01,0.18635744018508063,0.11689621622207588
2006-08-01,1.427862508778182,0.28891166083211567
2006-09-01,1.070461166179904,0.21540388947947361
2006-10-01,-0.037258940636782215,0.0028885784786553703
2006-11-01,0.7316184165389187,0.312466810826376
2006-12-01,0.4556394751306743,-0.041824931155571565
2007-01-01,-1.3058625944931008,-0.4174064067677868
2007-02-01,0.34035984944628195,0.05812689191216543
2007-03-01,1.507488408721338,0.20841606967797188
2007-04-01,-0.6295237168992305,-0.36694335629444536
2007-05-01,-0.3733525601597412,-0.20685690076675067
2007-06-01,-1.9433631769079243,-0.9725283614967367
2007-07-01,0.8915512643249028,0.19437297552703506
2007-08-01,2.907532501875932,0.09968476062453581
2007-09-01,1.773617235837559,-0.16491111197514088
2007-10-01,0.21683169327486618,-0.15866469523410257
2007-11-01,4.093746460504331,-0.06780167403402491
2007-12-01,1.5109416643682168,-0.33514335983477733
2008-01-01,4.731932472529887,-0.25944407566488653
2008-02-01,2.9541831846284787,-2.05240120486629
2008-03-01,4.154163255628364,-1.1402992902298872
2008-04-01,-4.41036032955549,0.6077890007302992
2008-05-01,-3.909940583462762,0.7869911759843341
2008-06-01,-3.2636456979049058,0.4881599832028084
2008-07-01,1.6317125606852905,-0.19277923785514905
2008-08-01,1.536620848271605,0.016909290638668768
2008-09-01,3.0376861393458356,-0.465667868973727
2008-10-01,3.018872011007983,-2.6120738454393377
2008-11-01,5.1001716015787935,-0.9603865587285287
2008-12-01,11.024471638723771,0.26919903875142287
2009-01-01,-0.730930085070165,-1.4278190182018902
2009-02-01,-6.160964892557423,1.085371447687834
2009-03-01,0.3732531830732961,-0.12956948034281715
2009-04-01,-0.06663783793083278,-1.4205402274171548
2009-05-01,-2.537844385904224,-2.6991337518982466
2009-06-01,-6.2995841141516715,-1.6850353459856233
2009-07-01,2.7606643693201276,0.005015201606786485
2009-08-01,-0.9929684095454568,-0.2513470476588543
2009-09-01,2.8606663797370575,-0.49709441961768636
2009-10-01,0.6878210307341491,-0.3890161538854136
2009-11-01,2.0717631737833075,-1.5218098804761846
2009-12-01,-2.131164812735999,0.7143343922782375
2010-01-01,-1.3651575969152798,-0.8174521218055238
2010-02-01,1.271964581297527,0.04480248097792535
2010-03-01,-1.5642718328817988,1.1127345296216955
2010-04-01,-2.000593719296349,0.5686594355632891
2010-05-01,5.113466569590091,-0.07986135321134324
2010-06-01,3.062073895834795,-0.3435889456646021
2010-07-01,3.486937496447125,0.03310560305130542
2010-08-01,4.7246385466025425,0.593572044587997
2010-09-01,1.2220206144032701,0.05769866185395271
2010-10-01,4.375318274783351,-0.3370534561523886
2010-11-01,-3.907876066602309,-0.28817736072417893
2010-12-01,-10.359055596807242,-1.8092318379925447
2011-01-01,-0.36580752131144556,-0.9497123152294731
2011-02-01,-4.246296342814659,0.20847863458912136
2011-03-01,2.323289028076222,-0.23666357000860275
2011-04-01,-0.5076561777136833,-0.3898794489646721
2011-05-01,5.203381059460723,-0.845037786836193
2011-06-01,4.427157124590582,-0.16458785777487736
2011-07-01,0.30871735945737167,0.3910073183855633
2011-08-01,11.014351847309875,-0.29327968740138066
2011-09-01,3.7051660974530947,1.1142774040366674
2011-10-01,-5.936997540755887,0.05267790038662333
2011-11-01,3.38841112630431,0.9574229845384822
2011-12-01,-0.025519151460040437,0.9444609989213758
2012-01-01,1.4073275271021322,0.04667519397829881
2012-02-01,-1.8021868281415216,2.824480540462749
2012-03-01,-6.048115243917837,-0.011993836576472112
2012-04-01,3.365406245107783,0.2540666746832467
2012-05-01,3.1426258901798354,2.4519013831566574
2012-06-01,1.9347012583622705,1.506206321249341
2012-07-01,3.2122175691065884,0.6861814982847657
2012-08-01,-3.329416508488352,-2.095605493409321
2012-09-01,0.9172595039554489,-0.13705389486219674
2012-10-01,-1.3174242079380976,-0.1618777110491812
2012-11-01,1.5421692290964302,0.7553191002795142
2012-12-01,-0.1452690343448406,-1.6171539430710815
2013-01-01,-3.1522354189603945,-2.352891718234318
2013-02-01,-1.0316857874024663,-0.20828958711319037
2013-03-01,0.9989877549711953,-0.28590726408963063
2013-04-01,4.215562820153389,0.039087773027619815
2013-05-01,-3.824958468808504,-1.6374266908394903
2013-06-01,-9.899920685050002,-1.9064207275883411
2013-07-01,-3.049498164603189,-3.103355018181131
2013-08-01,-2.34897340786537,-0.38087689056880325
2013-09-01,-1.424716498145379,-0.6055321411935952
2013-10-01,3.7101820559840863,0.8147189434533817
2013-11-01,0.45975284205089006,-1.0020955822490403
2013-12-01,-3.7328283936875293,-0.4285202760577271
2014-01-01,-1.1078421258984283,0.026580740008025683
2014-02-01,2.59365041259483,0.3237425530436617
2014-03-01,-2.7355707722484204,0.8990615410573667
2014-04-01,-0.31591469987833776,-1.0023497126811538
2014-05-01,2.1878935750807003,0.0568184033301112
2014-06-01,-1.657920645039418,0.0738384239909479
2014-07-01,-1.0103631792772167,1.3124358055210537
2014-08-01,1.513829856216071,0.3745931948130853
2014-09-01,-2.7553207759369527,-0.19540864149404955
2014-10-01,4.203156541441736,0.18464009878642004
2014-11-01,-2.5603410717863926,2.225125705347421
2014-12-01,-2.705078021732198,5.260305381234594
2015-01-01,4.690880542571013,1.5311655512490003
2015-02-01,-2.5437738622116632,0.10941522498000554
2015-03-01,-1.2039133134073832,0.5108409528260945
2015-04-01,3.2950202598473486,-0.04844666065804655
2015-05-01,-3.964674388257534,-1.4226816750645355
2015-06-01,-3.077159489671688,0.2653401065139198
2015-07-01,0.6822797360735565,0.6811804215845865
2015-08-01,0.3179310122419287,2.8626132683980514
2015-09-01,0.4971169842155415,0.005707755323645366
2015-10-01,2.966372348762103,-1.4807516384208876
2015-11-01,-8.334747702421527,4.896401870737591
2015-12-01,-1.897180535865342,2.675865996425968
2016-01-01,3.2213765463760327,-0.17579804312770103
2016-02-01,5.395663926033403,1.6949643413324362
2016-03-01,-4.168321149736574,0.9870586999561508
2016-04-01,2.917919837188752,-0.6018125255277533
2016-05-01,-0.9226485823203446,0.3735731330824735
2016-06-01,3.2758212769408184,0.6144301076869826
2016-07-01,2.7084137494760934,0.45825983744386195
2016-08-01,-2.0558023758021364,0.38647649664395317
2016-09-01,-1.3402707433310794,-0.3255770568899287
2016-10-01,-2.627175346819716,-0.07131413895757359
2016-11-01,-6.792026468062901,-2.1917490335702525
2016-12-01,-6.239271765849444,-0.876916165397293
2017-01-01,0.702332709368647,0.07025019324504547
2017-02-01,0.3256878268977394,-0.062218026508677256
2017-03-01,-2.153161379043077,1.3006602919502483
2017-04-01,2.3612493282250533,1.2089332791771938
2017-05-01,-0.5764423953013159,0.5928187636555214
2017-06-01,0.6024840852872454,1.2731174462333328
2017-07-01,-1.3719830592991964,-0.7660059172856002
2017-08-01,1.3000185062389815,0.6693057832451129
2017-09-01,-0.2839319641753305,0.34733667234762783
2017-10-01,-2.9441882219996844,-0.2230135427520081
2017-11-01,-1.3111414997985833,0.9489356723066388
2017-12-01,-1.7259775688174488,0.32338598946138486
2018-01-01,-2.6320683249631287,-0.5134469943233617
2018-02-01,-3.0169271597934517,-0.8081539102850691
2018-03-01,-0.37144649145878117,0.510592101646192
2018-04-01,-0.7771679159020687,0.17208947805737895
2018-05-01,-1.3773946934406454,-0.0762022469963424
2018-06-01,0.3946131697319337,0.49167028777199173
2018-07-01,-0.11261366312790863,0.34375486633409563
2018-08-01,-0.0007184578618954926,0.20052138156275257
2018-09-01,-1.2975927965435323,-0.18572875076801923
2018-10-01,-1.201110888811891,-0.3973578923763888
2018-11-01,0.36620065309009264,0.29052046542204363
2018-12-01,2.671079786880554,1.0843633636601044
2019-01-01,1.6472859582974064,0.3018724909183066
2019-02-01,0.5787483039800653,0.04850809611717097
2019-03-01,1.3839635203503369,0.3168913118679911
2019-04-01,0.7565553702206513,-0.08154610058583217
2019-05-01,1.8690199512556214,0.3909026367166991
2019-06-01,5.142535487548515,0.6017422866326372
2019-07-01,0.13608858763886314,-0.008385454400314562
2019-08-01,5.745003429812734,1.9070332665238459
2019-09-01,-1.44679724871815,-0.5166549538865634
2019-10-01,1.0543600531665234,-0.8597952769372484
2019-11-01,-1.5885429263496682,-1.090325841128217
2019-12-01,-0.4566732815909135,-0.5474244183254122
2020-01-01,1.9677271083000558,0.6244968086723389
2020-02-01,4.532209198587071,1.3086394256857512
2020-03-01,17.616817261410016,-0.501450464886928
2020-04-01,11.568112848376627,-0.6301567931412587
2020-05-01,3.3462452657069597,-1.2274265958775805
2020-06-01,-1.7219738151592348,0.2992820813320424
2020-07-01,5.853560662644848,0.5401888012457257
2020-08-01,0.9280014419657141,-1.431829599224657
2020-09-01,0.08272684473525009,-0.607769602718248
2020-10-01,-5.4741506566142,-2.4289322780052283
2020-11-01,-3.5881289841330957,-1.9741330973207047
2020-12-01,1.2204817449163683,-2.605863281534046
2021-01-01,-3.0132022403626455,-2.8114850480098164
2021-02-01,-2.480391838720006,-5.060737949022483
2021-03-01,-11.617599260330751,-3.640715070738394
2021-04-01,-0.5267345207591116,-1.838227421756696
2021-05-01,1.517286546984796,-0.8477388773999883
2021-06-01,-2.695164613171829,4.205442795967078
2021-07-01,1.484092351940472,3.2409886254005755
2021-08-01,0.4477956784225056,-0.5771277585967348
2021-09-01,-3.125376352530172,-0.09338655250336682
2021-10-01,-10.059400598756305,1.6908751943919524
2021-11-01,-4.876155937818527,4.997598716347894
2021-12-01,-3.6477697801878164,6.123221033346076
2022-01-01,-10.231399413117744,3.750388814367664
2022-02-01,-8.544487148433936,5.2282376357539135
2022-03-01,-6.221377793199651,1.5356784592123696
2022-04-01,-10.048303881781727,-0.788810193712748
2022-05-01,-1.3096431344997994,-0.059483967316603076
2022-06-01,-3.943056399394226,0.9315186920887797
2022-07-01,1.2800506938387468,2.0910466190174453
2022-08-01,-0.9427281600021892,0.7252450909773732
2022-09-01,-6.591707573192656,-1.5062417212193715
2022-10-01,-4.074166142956113,-0.6149771339094776
