date,Feature 1,Feature 2,date
1953-04-01,1.0012412256349357e-18,-3.4191275769199457e-20,1953-04-01
1953-05-01,-1.5877609503396537,-0.4609239412118177,1953-05-01
1953-06-01,-0.20270041287012303,-0.31340886959016756,1953-06-01
1953-07-01,1.1688994867153968,0.3535505403470984,1953-07-01
1953-08-01,0.12509733217068109,-0.41761902991967426,1953-08-01
1953-09-01,0.6047179058501617,0.024454189269267856,1953-09-01
1953-10-01,2.3807315514978495,-0.5330657283164757,1953-10-01
1953-11-01,0.312808169409584,-0.5223099303020945,1953-11-01
1953-12-01,0.8626480932998454,0.24586904376733607,1953-12-01
1954-01-01,1.6270395357105798,-0.5965604469512011,1954-01-01
1954-02-01,1.6804951436181643,-1.2012817435186594,1954-02-01
1954-03-01,0.828406376060941,0.34255460570813034,1954-03-01
1954-04-01,1.1064961119359515,-0.7078451098162886,1954-04-01
1954-05-01,-0.04864905536268059,-1.0999901751665957,1954-05-01
1954-06-01,0.24632935206920728,-0.3061894216289807,1954-06-01
1954-07-01,0.6493218243873786,0.4485114446566107,1954-07-01
1954-08-01,-0.47379142953027026,0.02989944509771806,1954-08-01
1954-09-01,-1.0252199342192228,1.0028200640263705,1954-09-01
1954-10-01,-1.0144637807649972,0.6882687312116964,1954-10-01
1954-11-01,-0.2752493482772725,-0.42965866046024387,1954-11-01
1954-12-01,-0.5472610911886517,0.22143893230242262,1954-12-01
1955-01-01,-1.5554479888612267,0.5324646695358474,1955-01-01
1955-02-01,-0.8800750072620711,0.6928714885447422,1955-02-01
1955-03-01,-0.59582324565825,-0.0902506476033025,1955-03-01
1955-04-01,-0.8071619875012328,0.4038689750070568,1955-04-01
1955-05-01,-0.225983084961794,0.4980530391099961,1955-05-01
1955-06-01,-0.09621401604585013,-0.07189535386194182,1955-06-01
1955-07-01,-0.9361353426367071,-0.06420971451722,1955-07-01
1955-08-01,-1.309217721738735,0.858892578241169,1955-08-01
1955-09-01,0.165064753794957,-0.0544825928297681,1955-09-01
1955-10-01,0.5691348269228419,0.3448394933456602,1955-10-01
1955-11-01,-0.3619503989109273,0.17836683813688395,1955-11-01
1955-12-01,-0.9058141112086991,0.3830549953479664,1955-12-01
1956-01-01,0.7343838661935461,-0.18255049120262673,1956-01-01
1956-02-01,0.7260458886897964,-0.03899390833383396,1956-02-01
1956-03-01,-1.163703059333419,-0.14670471367975296,1956-03-01
1956-04-01,-1.8436921648649045,0.0363712938699771,1956-04-01
1956-05-01,0.692387332564352,0.34730979108640514,1956-05-01
1956-06-01,0.8563882370127783,-0.2421303427787785,1956-06-01
1956-07-01,-0.67752837927402,-0.358934299499576,1956-07-01
1956-08-01,-1.8542607121444665,0.0926263741690364,1956-08-01
1956-09-01,-0.5274526649928375,0.3701308502495908,1956-09-01
1956-10-01,0.48086384157100487,-0.04512068655086158,1956-10-01
1956-11-01,-0.9038390059196686,-0.12610708065959567,1956-11-01
1956-12-01,-0.8181535977905813,0.1549518463434512,1956-12-01
1957-01-01,1.333619898157622,-0.2072697512235445,1957-01-01
1957-02-01,0.5131974631444038,0.300668274294928,1957-02-01
1957-03-01,-0.29736958933153845,-0.14886865652474912,1957-03-01
1957-04-01,-0.33044535628391286,-0.08558991210574945,1957-04-01
1957-05-01,-0.4513012401693032,-0.36715864035089424,1957-05-01
1957-06-01,-1.0244018175006093,-0.21564830980115632,1957-06-01
1957-07-01,-0.7571261215043418,-0.07959555698491139,1957-07-01
1957-08-01,-0.14974468756708728,0.33010282656342405,1957-08-01
1957-09-01,-0.036242326262156586,0.07645618937611921,1957-09-01
1957-10-01,-0.07586012449822715,-0.2463299592327912,1957-10-01
1957-11-01,1.8299351114733156,-0.11864546380639515,1957-11-01
1957-12-01,3.157784273195271,0.6091318571697115,1957-12-01
1958-01-01,1.7306783194741089,-0.7544294748793144,1958-01-01
1958-02-01,1.462310692143117,-1.5310561011681891,1958-02-01
1958-03-01,1.094290628207543,-0.27083899517461396,1958-03-01
1958-04-01,1.8472355170344472,-1.0690522262419424,1958-04-01
1958-05-01,0.43570865300235356,-0.4646893746207025,1958-05-01
1958-06-01,0.1187270294527011,-0.8785123350117805,1958-06-01
1958-07-01,-2.913571394030966,1.2169012091814109,1958-07-01
1958-08-01,-4.689542787156839,2.5183882541926326,1958-08-01
1958-09-01,-2.446265365322932,0.7456638998158005,1958-09-01
1958-10-01,-0.4781816138755806,0.16300953897375423,1958-10-01
1958-11-01,0.4922415686566726,-0.05360162244760005,1958-11-01
1958-12-01,-0.6839709042122932,0.0771464856408964,1958-12-01
1959-01-01,-0.8162450923614052,-0.2882826367062977,1959-01-01
1959-02-01,0.0881802779801577,0.47085445271716925,1959-02-01
1959-03-01,-0.13922346094806634,0.03640047271042102,1959-03-01
1959-04-01,-0.509111335644695,-0.14461570120063796,1959-04-01
1959-05-01,-1.0315671177819696,-0.05254485288003068,1959-05-01
1959-06-01,-0.5539326504910619,0.05962153874827796,1959-06-01
1959-07-01,-0.4431800821764058,0.3526772459136286,1959-07-01
1959-08-01,0.021457180861263143,-0.026081497151295447,1959-08-01
1959-09-01,-1.5240352539317157,0.28562458028337173,1959-09-01
1959-10-01,0.8275261294708288,0.015682670532782307,1959-10-01
1959-11-01,-0.032386431604203764,-0.019544913480358066,1959-11-01
1959-12-01,-0.963071063061078,0.05705105367581123,1959-12-01
1960-01-01,0.3200106226093483,-0.1849860919727409,1960-01-01
1960-02-01,1.1743303695482612,-0.06638874809570038,1960-02-01
1960-03-01,1.7902801120728042,-0.38799337815537743,1960-03-01
1960-04-01,0.06146403292236787,-0.03697775369498899,1960-04-01
1960-05-01,-0.6441033448717048,0.03473241618522276,1960-05-01
1960-06-01,1.9739319503683739,-0.8693374984030204,1960-06-01
1960-07-01,1.574709129478974,0.24689237416545864,1960-07-01
1960-08-01,1.0473804106186977,-0.27722803659394507,1960-08-01
1960-09-01,-0.054307567331140706,0.25254290884206076,1960-09-01
1960-10-01,-0.44084248946980353,-0.35783092269479155,1960-10-01
1960-11-01,-0.2056703175516278,-0.03711982619519408,1960-11-01
1960-12-01,0.9103908697042313,-0.26734479741509676,1960-12-01
1961-01-01,0.1741667308571955,-0.14965074175712348,1961-01-01
1961-02-01,-0.015831919508783453,0.39205510391446097,1961-02-01
1961-03-01,0.4540773116107371,-0.04249826053676599,1961-03-01
1961-04-01,0.07672069374024351,-0.08680085558056651,1961-04-01
1961-05-01,0.5294861898629311,0.13910464129620664,1961-05-01
1961-06-01,-1.604529429817652,-0.10097497819395267,1961-06-01
1961-07-01,0.14876501220284935,-0.43476874048329384,1961-07-01
1961-08-01,-0.6933867015687478,0.015292320720917966,1961-08-01
1961-09-01,0.3136726717709055,0.11714612657661944,1961-09-01
1961-10-01,0.4874185988325879,0.10906747399462742,1961-10-01
1961-11-01,0.005895648009807971,-0.0388140397586076,1961-11-01
1961-12-01,-0.5316503378870073,-0.05547762779233149,1961-12-01
1962-01-01,-0.1456048051846869,0.13046129842123866,1962-01-01
1962-02-01,0.313253611934595,0.0644605876459035,1962-02-01
1962-03-01,1.0989906500282518,-0.17086113115340107,1962-03-01
1962-04-01,0.5378446303809253,0.033934959424932715,1962-04-01
1962-05-01,-0.14073608388768835,-0.038852177634275765,1962-05-01
1962-06-01,0.04862171191113143,-0.08978462371754425,1962-06-01
1962-07-01,-0.9396257045995142,0.2818862311128824,1962-07-01
1962-08-01,0.5626560858581153,-0.12241773323149772,1962-08-01
1962-09-01,0.2952805858240999,-0.31933371291621776,1962-09-01
1962-10-01,0.45509237161694527,-0.08123742255806922,1962-10-01
1962-11-01,0.040512109687918546,0.08394566615325204,1962-11-01
1962-12-01,0.28815105957598103,0.13019505609919194,1962-12-01
1963-01-01,0.03301628665010357,0.08621413358706921,1963-01-01
1963-02-01,-0.1768550482287373,-0.32948485527475163,1963-02-01
1963-03-01,-0.018052156128876784,-0.012965439273940654,1963-03-01
1963-04-01,-0.2929895401489443,0.04762359701508147,1963-04-01
1963-05-01,0.12041308683868308,0.0918701431919123,1963-05-01
1963-06-01,-0.34144111988116815,-0.02240228697766695,1963-06-01
1963-07-01,-0.555423682182207,0.4677945409744913,1963-07-01
1963-08-01,0.06088432364948663,0.10544715642749317,1963-08-01
1963-09-01,-0.2672408099888088,-0.1387934539933909,1963-09-01
1963-10-01,-0.11001294668235949,0.05153763018357383,1963-10-01
1963-11-01,-0.17631543162308194,0.12401189902679054,1963-11-01
1963-12-01,-0.10912982211203476,0.06930122636990357,1963-12-01
1964-01-01,-0.05379598800228976,-0.14737170158446689,1964-01-01
1964-02-01,0.22629001723353626,0.009779834414646542,1964-02-01
1964-03-01,-0.445929567639215,0.02317470404368435,1964-03-01
1964-04-01,0.013893074536166315,-0.04549398128648242,1964-04-01
1964-05-01,0.4492774471180778,-0.04718273923852468,1964-05-01
1964-06-01,0.21795453195274542,0.02232249619747156,1964-06-01
1964-07-01,0.21169816702374572,-0.2748642586305668,1964-07-01
1964-08-01,0.03561911709248864,-0.00620655805535194,1964-08-01
1964-09-01,-0.1571219009142347,0.12682834988112743,1964-09-01
1964-10-01,0.08386604545895696,0.03316519810531318,1964-10-01
1964-11-01,0.12965034728341815,0.15233249147382547,1964-11-01
1964-12-01,-0.17530982581456778,0.0778456681709694,1964-12-01
1965-01-01,0.1665067275024342,-0.19282997160572235,1965-01-01
1965-02-01,-0.1522717659495241,0.06360427423665711,1965-02-01
1965-03-01,-0.0009584864363829814,0.031704894795905075,1965-03-01
1965-04-01,0.12375465201803723,-0.044522301157651226,1965-04-01
1965-05-01,0.08131623713177087,-0.06310793140615761,1965-05-01
1965-06-01,0.14449378907122248,-0.0987695537990163,1965-06-01
1965-07-01,0.09322846474808306,-0.024548761031652704,1965-07-01
1965-08-01,-0.22590850291442688,0.014446935980768488,1965-08-01
1965-09-01,-0.2447347411586408,0.09608761308555983,1965-09-01
1965-10-01,-0.31630984621958175,-0.015320837467762869,1965-10-01
1965-11-01,-0.4279649719192701,-0.14337761377243302,1965-11-01
1965-12-01,-1.138015528287007,0.11873451056082976,1965-12-01
1966-01-01,-0.2837151460522406,0.14612254192500143,1966-01-01
1966-02-01,-0.5664982072930498,-0.34421905974486633,1966-02-01
1966-03-01,0.11649833032446548,-0.02210225196730954,1966-03-01
1966-04-01,0.48476624697801346,0.09811358241206758,1966-04-01
1966-05-01,-0.1630618480999905,-0.04970329224709925,1966-05-01
1966-06-01,-0.13138553146800003,-0.057951018161868144,1966-06-01
1966-07-01,-0.7901236730267694,-0.16078810786449607,1966-07-01
1966-08-01,-1.1724348329454932,0.03796333406119119,1966-08-01
1966-09-01,-0.10744341135214555,0.3766817275253467,1966-09-01
1966-10-01,0.9388972595559696,0.014762011315428623,1966-10-01
1966-11-01,-0.26025463455003506,-0.3336829222983928,1966-11-01
1966-12-01,1.3966179690890292,0.16062932712228378,1966-12-01
1967-01-01,1.4813735958921799,-0.10501882552433488,1967-01-01
1967-02-01,-0.0036909234473716987,-0.19004825397177502,1967-02-01
1967-03-01,0.9544714056814174,-0.31417356110010536,1967-03-01
1967-04-01,0.29752119232896745,-0.4683449704872458,1967-04-01
1967-05-01,-0.9204647955113947,-0.48358559177725,1967-05-01
1967-06-01,-1.0179820848840515,0.1349332525682816,1967-06-01
1967-07-01,-0.8957501399271464,0.45096831458510894,1967-07-01
1967-08-01,-0.4109234576987929,-0.05495605383214861,1967-08-01
1967-09-01,-0.27293285641389387,0.06651554700094066,1967-09-01
1967-10-01,-0.5210415518014716,-0.1843973541633863,1967-10-01
1967-11-01,-0.79625767508304,-0.17124804510862032,1967-11-01
1967-12-01,0.12016527656932091,0.1677903533577598,1967-12-01
1968-01-01,0.8049067380331443,-0.05492215564353483,1968-01-01
1968-02-01,-0.0694750000511942,-0.10471051565749005,1968-02-01
1968-03-01,-0.587718793321179,-0.1150055933970777,1968-03-01
1968-04-01,0.24891265825255932,0.2799106627190097,1968-04-01
1968-05-01,-1.0950580220025878,0.04783972644031926,1968-05-01
1968-06-01,0.7519417065355615,0.03720446537102831,1968-06-01
1968-07-01,1.0016077373262078,-0.0285773339206592,1968-07-01
1968-08-01,0.5087742166589505,-0.1446791223246298,1968-08-01
1968-09-01,0.06143460945488127,-0.05138593832344764,1968-09-01
1968-10-01,-0.33609617035838024,-0.0591153669877462,1968-10-01
1968-11-01,-0.33148762725266245,-0.020594504884885387,1968-11-01
1968-12-01,-1.5441766912679005,-0.08879584579784057,1968-12-01
1969-01-01,-0.17203361756080943,0.06756096663406057,1969-01-01
1969-02-01,-0.2951182206077195,-0.1634045260746291,1969-02-01
1969-03-01,-0.12664958465260184,-0.2521610587475713,1969-03-01
1969-04-01,0.4648133990105003,0.07174640923820398,1969-04-01
1969-05-01,-0.591153920067276,-0.11006486495180105,1969-05-01
1969-06-01,-0.9185984526922552,0.2686215351802315,1969-06-01
1969-07-01,-0.8813548436122212,0.278205901716395,1969-07-01
1969-08-01,0.15520303209347316,-0.038256534319624905,1969-08-01
1969-09-01,-1.8539702266098719,-0.9376880416820773,1969-09-01
1969-10-01,0.5003719538359065,-0.011245219521936151,1969-10-01
1969-11-01,-0.04832839804395202,0.21442651488720832,1969-11-01
1969-12-01,-1.4663849079250069,-0.6940817953492147,1969-12-01
1970-01-01,-0.44721236258625113,-0.4380428016639742,1970-01-01
1970-02-01,1.4974706978525267,0.32580554205351087,1970-02-01
1970-03-01,1.6857823608930362,0.06494679785128267,1970-03-01
1970-04-01,-0.9719417453145507,-0.6100280780116235,1970-04-01
1970-05-01,-1.865618672892898,-0.37927016932643715,1970-05-01
1970-06-01,0.456495098487746,-0.023811766384470124,1970-06-01
1970-07-01,1.1844079482900383,0.17982911304032806,1970-07-01
1970-08-01,0.16898131488033588,-0.18486909705655183,1970-08-01
1970-09-01,0.9390036947422014,0.0947441671098604,1970-09-01
1970-10-01,0.591217705713375,-0.13927258069153164,1970-10-01
1970-11-01,2.534629010470911,0.14994120306743658,1970-11-01
1970-12-01,2.2211214559291474,0.472648050725067,1970-12-01
1971-01-01,0.7719800336737367,-0.3372360804648605,1971-01-01
1971-02-01,1.7096793553441847,-0.5561863018757564,1971-02-01
1971-03-01,2.4395041899437597,0.8364335051896042,1971-03-01
1971-04-01,-2.6330066872098987,0.18369121764933766,1971-04-01
1971-05-01,-3.083157991060599,-0.32929120077114127,1971-05-01
1971-06-01,-1.1622735794768053,0.34390898261174196,1971-06-01
1971-07-01,-1.2274756666907265,-0.1061724657771695,1971-07-01
1971-08-01,1.143664379946472,0.17078637290106996,1971-08-01
1971-09-01,1.9628197363996736,0.5564863889056093,1971-09-01
1971-10-01,1.3219215378880114,-0.11791450291424353,1971-10-01
1971-11-01,0.7567057218172408,-0.11156058662202438,1971-11-01
1971-12-01,0.10997836905523738,-0.2640149528849114,1971-12-01
1972-01-01,0.5605420431706893,-0.41096335066084966,1972-01-01
1972-02-01,-0.35745479465950825,-0.3035697193336032,1972-02-01
1972-03-01,-0.7057367396789086,0.5115788690558445,1972-03-01
1972-04-01,-0.9944088150262389,-0.013951986549797719,1972-04-01
1972-05-01,1.081480690247497,-0.12956112962105235,1972-05-01
1972-06-01,-0.19591123230471574,0.41136102737261226,1972-06-01
1972-07-01,-0.13596219672518117,-0.014052070508493681,1972-07-01
1972-08-01,-0.20749510130551124,-0.2280333143387284,1972-08-01
1972-09-01,-1.338007202334341,0.0006178274634595904,1972-09-01
1972-10-01,0.3259423801888401,0.1637207942762153,1972-10-01
1972-11-01,0.7776184217251721,0.07879019863254577,1972-11-01
1972-12-01,-0.25955866420299356,0.17409350059056342,1972-12-01
1973-01-01,-0.7713677849839208,0.11143610848068553,1973-01-01
1973-02-01,-0.9895614061390032,-0.1806586627951983,1973-02-01
1973-03-01,-0.8439420910669675,0.41481198693950067,1973-03-01
1973-04-01,0.38967804759202973,0.14842709988906813,1973-04-01
1973-05-01,-0.4323352644508814,-0.3645278566804211,1973-05-01
1973-06-01,-0.040178311814852305,0.39431224811332793,1973-06-01
1973-07-01,-2.0440232487811536,0.1651502948822683,1973-07-01
1973-08-01,-1.0654796750149453,-0.26766614863073906,1973-08-01
1973-09-01,1.7872674062731537,0.3973401772197931,1973-09-01
1973-10-01,1.532955170038256,-0.11911155397351694,1973-10-01
1973-11-01,-0.28002690544225745,0.06413474202840407,1973-11-01
1973-12-01,0.5448984765470033,-0.1603149581504437,1973-12-01
1974-01-01,-0.5837425699213927,-0.2909302616903514,1974-01-01
1974-02-01,0.5457990997487531,-0.4688591501772789,1974-02-01
1974-03-01,-1.7899784330602095,0.07664274125871041,1974-03-01
1974-04-01,-1.870473120390011,-0.09101332964412677,1974-04-01
1974-05-01,-0.4881486398280505,-0.15346601046719913,1974-05-01
1974-06-01,0.3186022560009821,-0.023307555782915382,1974-06-01
1974-07-01,-0.8133090030203777,-0.46513223615290356,1974-07-01
1974-08-01,-0.8084912985405165,-0.030156536680637735,1974-08-01
1974-09-01,0.6856142493774675,-0.18885188507246212,1974-09-01
1974-10-01,1.2707699654590419,-0.16955082265379284,1974-10-01
1974-11-01,1.0860195808910467,0.10674143739338159,1974-11-01
1974-12-01,1.2377755727306012,0.24376656389822718,1974-12-01
1975-01-01,0.0840276609827384,-0.6125039035101218,1975-01-01
1975-02-01,1.3215017649109937,-0.562708024382626,1975-02-01
1975-03-01,-0.8379396992264073,-0.4891028043990159,1975-03-01
1975-04-01,-2.437969223187886,-0.19071124941783638,1975-04-01
1975-05-01,1.0515758510042323,-0.15219558963848537,1975-05-01
1975-06-01,0.7975126923920538,0.2682297658548219,1975-06-01
1975-07-01,-1.4255947377544054,0.33568435855784406,1975-07-01
1975-08-01,-1.3545955628712163,-0.15599522311807135,1975-08-01
1975-09-01,-0.07347452324948622,-0.014742327769258915,1975-09-01
1975-10-01,1.4677346077380629,-0.128037661084849,1975-10-01
1975-11-01,0.7737039419705273,-0.29047571262612687,1975-11-01
1975-12-01,0.1774039079918481,0.187226206812392,1975-12-01
1976-01-01,1.4134492345923757,-0.3152767878699855,1976-01-01
1976-02-01,-0.09158818834235496,0.023010360240037112,1976-02-01
1976-03-01,-0.0201637681257249,0.41846368271634793,1976-03-01
1976-04-01,0.9550959303859817,0.05333337858120134,1976-04-01
1976-05-01,-1.3483319650637249,-0.1514167584320764,1976-05-01
1976-06-01,0.049120059693691924,0.15511006962508903,1976-06-01
1976-07-01,0.6835501864772363,-0.3669808299133524,1976-07-01
1976-08-01,0.8309734076154578,-0.16833741723702467,1976-08-01
1976-09-01,0.9409688315371095,0.030637892101555455,1976-09-01
1976-10-01,1.6073474373429726,-0.17501982859432408,1976-10-01
1976-11-01,1.069570472407697,0.05943487823327197,1976-11-01
1976-12-01,2.2718177039367036,0.18759441534649826,1976-12-01
1977-01-01,-2.4138045599960645,-0.18765343993693356,1977-01-01
1977-02-01,-0.9337128522745707,-0.16803628648085375,1977-02-01
1977-03-01,-0.11280902066848988,-0.1383425329338853,1977-03-01
1977-04-01,0.6519345414532542,0.020467870879209323,1977-04-01
1977-05-01,-0.8633911960509595,0.3651718919413749,1977-05-01
1977-06-01,0.8608419607867462,0.2544606935755685,1977-06-01
1977-07-01,-0.3336523887160536,0.07279103180640162,1977-07-01
1977-08-01,-0.8930160148496172,0.4081926772399892,1977-08-01
1977-09-01,0.017304633665864926,0.26510343809370723,1977-09-01
1977-10-01,-1.2213372018448658,0.16889261408919262,1977-10-01
1977-11-01,-0.006440504664217483,-0.11818548591410578,1977-11-01
1977-12-01,-0.29882861233754326,-0.25946999666020465,1977-12-01
1978-01-01,-1.1384269833761902,-0.12886490351472166,1978-01-01
1978-02-01,-0.17148761705304202,-0.08458841967621895,1978-02-01
1978-03-01,0.06468805019011571,-0.08162724682854175,1978-03-01
1978-04-01,-0.4103378010745802,-0.047276142112162425,1978-04-01
1978-05-01,-0.8062835470986573,0.04192879549797,1978-05-01
1978-06-01,-0.5976758360128904,0.045564089329089306,1978-06-01
1978-07-01,-0.6696426054170468,0.012201824070777044,1978-07-01
1978-08-01,0.796600815048832,0.21497383057084135,1978-08-01
1978-09-01,-0.26556473412841713,0.24189765781926204,1978-09-01
1978-10-01,-0.8141295783469559,0.07005506511979577,1978-10-01
1978-11-01,-1.1146449198257675,0.5157039404057842,1978-11-01
1978-12-01,-0.7654358574529407,-0.10808346919706299,1978-12-01
1979-01-01,-0.29852249971050604,-0.08365705255673068,1979-01-01
1979-02-01,0.4006415293862826,-0.16687564371554867,1979-02-01
1979-03-01,-0.054593912562786576,-0.06026132434920356,1979-03-01
1979-04-01,0.010106477869090259,-0.2189503803683131,1979-04-01
1979-05-01,0.05680209798044086,-0.10118604292179686,1979-05-01
1979-06-01,1.557896231026028,-0.0008105585500744761,1979-06-01
1979-07-01,0.028442340491378705,-0.10476788834434772,1979-07-01
1979-08-01,-0.5207110167579809,0.1293745266519881,1979-08-01
1979-09-01,-1.4264118250622662,0.22561591806982803,1979-09-01
1979-10-01,-3.8765324538062287,-0.2923114359789639,1979-10-01
1979-11-01,-0.721222189551756,-0.4639140459407371,1979-11-01
1979-12-01,1.2595519432162856,0.11083677262790527,1979-12-01
1980-01-01,-0.7148972567421675,-0.5168711765074271,1980-01-01
1980-02-01,-5.146237293359062,-0.8529076800184222,1980-02-01
1980-03-01,-2.0819770372960416,0.6840874579454789,1980-03-01
1980-04-01,4.218510248979586,0.023797898034256484,1980-04-01
1980-05-01,5.684480294527644,-0.9655766364928976,1980-05-01
1980-06-01,2.2615018283438295,-0.32604902176496836,1980-06-01
1980-07-01,-1.2419511837712496,-0.18332912814247865,1980-07-01
1980-08-01,-4.039295854783349,0.1894914617678562,1980-08-01
1980-09-01,-2.190015905316022,0.38148760001164655,1980-09-01
1980-10-01,-0.9201421425806942,0.37627968399556544,1980-10-01
1980-11-01,-2.904680466213954,0.05094937869369169,1980-11-01
1980-12-01,-0.7837037853408849,0.1461262462023254,1980-12-01
1981-01-01,1.3023005736826958,-0.21056920572241541,1981-01-01
1981-02-01,-1.4265536604118232,-0.38891200771860795,1981-02-01
1981-03-01,0.5156861014227061,-0.45793698227415996,1981-03-01
1981-04-01,-1.2862846578076874,-0.2687968896924318,1981-04-01
1981-05-01,-1.7367872736702779,0.6477239486957831,1981-05-01
1981-06-01,1.7832470537824991,-0.11001612015662691,1981-06-01
1981-07-01,-1.7962092352676806,-0.3731005324730971,1981-07-01
1981-08-01,-1.592426735967966,-0.14933346048565335,1981-08-01
1981-09-01,-0.47640325054575466,-0.4834531930391168,1981-09-01
1981-10-01,1.193310782163786,-0.4167727738705216,1981-10-01
1981-11-01,4.651229876565965,-0.048745740833343994,1981-11-01
1981-12-01,-0.7099201434556105,0.024414170642410516,1981-12-01
1982-01-01,-2.430566760289569,-0.037497720018437514,1982-01-01
1982-02-01,0.14367339138998808,0.3993245202558167,1982-02-01
1982-03-01,1.4193444869771528,0.05405451184275633,1982-03-01
1982-04-01,0.07171419746566206,-0.029197657674166794,1982-04-01
1982-05-01,0.8568027646957932,-0.19163101841869218,1982-05-01
1982-06-01,-1.5275723014406464,-0.2818115594002876,1982-06-01
1982-07-01,1.16975799532632,-0.1923204725920203,1982-07-01
1982-08-01,2.830427696176341,-0.30224331379479114,1982-08-01
1982-09-01,1.824608507780478,0.35994895076845407,1982-09-01
1982-10-01,4.043912610641579,0.37523765978349055,1982-10-01
1982-11-01,1.3101702271508577,0.21426808708473738,1982-11-01
1982-12-01,0.430910299711268,-0.1970136261353534,1982-12-01
1983-01-01,0.7297888969007382,-0.20131315486088056,1983-01-01
1983-02-01,-0.7156813516760088,-0.032559577939005165,1983-02-01
1983-03-01,0.5042156788123637,0.3848399770424963,1983-03-01
1983-04-01,0.34158403971674,-0.011644524141121377,1983-04-01
1983-05-01,0.23202182635751956,-0.12417544348495653,1983-05-01
1983-06-01,-1.815277730185937,0.022425066111289988,1983-06-01
1983-07-01,-1.539971362940964,-0.24690837735676643,1983-07-01
1983-08-01,-1.0834629640826199,-0.2980819005936992,1983-08-01
1983-09-01,0.7473400203507312,-0.11508775901517095,1983-09-01
1983-10-01,0.6237729972462782,-0.16724015327685338,1983-10-01
1983-11-01,-0.2448561533939161,-0.11173426531860392,1983-11-01
1983-12-01,-0.33696005373509397,-0.05922747551472392,1983-12-01
1984-01-01,0.6459546880537342,-0.007904141105647819,1984-01-01
1984-02-01,-0.33339746992499747,-0.12085320620916105,1984-02-01
1984-03-01,-1.3212370683044516,-0.137464419337226,1984-03-01
1984-04-01,-0.8055295262602681,-0.1177133474345385,1984-04-01
1984-05-01,-1.9428002788042584,-0.2995826609185434,1984-05-01
1984-06-01,-0.6395102410256495,0.10136508403501421,1984-06-01
1984-07-01,0.47730987431685773,0.16574599180673458,1984-07-01
1984-08-01,1.4475922484424897,0.43564508939065943,1984-08-01
1984-09-01,0.5847674391713433,-0.023282915675917403,1984-09-01
1984-10-01,1.3652052891452209,-0.09625015842848898,1984-10-01
1984-11-01,2.2400408163541665,-0.1758225377877746,1984-11-01
1984-12-01,0.8132367575058863,-0.40470725192991236,1984-12-01
1985-01-01,0.6407706872023547,-0.14086973221679025,1985-01-01
1985-02-01,-0.42732284866887,0.027553151636274593,1985-02-01
1985-03-01,-1.181213507013378,0.06754607350399475,1985-03-01
1985-04-01,1.6319701666881044,-0.12098367858946629,1985-04-01
1985-05-01,2.0788056411356237,0.05025303612820027,1985-05-01
1985-06-01,2.308589863613902,0.161842884513411,1985-06-01
1985-07-01,-0.2384089299260298,-0.12573664973529566,1985-07-01
1985-08-01,-0.21650797966734173,0.1300694603404661,1985-08-01
1985-09-01,0.0030398316978482143,-0.04976778909567277,1985-09-01
1985-10-01,0.5079834011833098,0.06150467114770471,1985-10-01
1985-11-01,1.3975647846365193,0.4510049698022454,1985-11-01
1985-12-01,1.7675192801732467,0.4446317595635301,1985-12-01
1986-01-01,0.24042510824781485,0.13582143440776998,1986-01-01
1986-02-01,1.3853037042488126,0.55382124870047,1986-02-01
1986-03-01,3.342390054951625,0.7565974837396116,1986-03-01
1986-04-01,2.1914565299250595,0.12383383305642832,1986-04-01
1986-05-01,-1.7706618479999048,-0.5868363146828228,1986-05-01
1986-06-01,-0.3467431406185197,-0.09536474565293515,1986-06-01
1986-07-01,2.362237572069405,0.30155191952503213,1986-07-01
1986-08-01,1.3038422814443122,-0.20028972608247908,1986-08-01
1986-09-01,-0.5605212429097087,-0.7446041504009254,1986-09-01
1986-10-01,0.3663438875697317,-0.047380982148534735,1986-10-01
1986-11-01,0.5333335931981641,0.37861290086303945,1986-11-01
1986-12-01,0.4325495768246285,0.3042283378806582,1986-12-01
1987-01-01,0.31119816909491255,-0.0740735511708108,1987-01-01
1987-02-01,-0.6538676482981918,-0.07827283147347475,1987-02-01
1987-03-01,0.05263369429383163,0.05489522477264476,1987-03-01
1987-04-01,-3.2480717737280544,-0.8576546063267046,1987-04-01
1987-05-01,-2.6590348003695783,-0.3744630103666994,1987-05-01
1987-06-01,0.9361425065505516,0.07371175779699786,1987-06-01
1987-07-01,0.25915951535606624,-0.2559647552164256,1987-07-01
1987-08-01,-1.1592044163194268,-0.12533456160570702,1987-08-01
1987-09-01,-2.38617329350456,-0.33537209257242245,1987-09-01
1987-10-01,-0.17613536623331572,-0.26332751614471384,1987-10-01
1987-11-01,2.6197832980018525,0.22553139814577838,1987-11-01
1987-12-01,-0.4347190425279018,0.022334679384029204,1987-12-01
1988-01-01,1.1807910727316173,0.251885944599466,1988-01-01
1988-02-01,1.9141997770926178,0.2559489055466223,1988-02-01
1988-03-01,-0.42446333820809895,-0.2208414470272549,1988-03-01
1988-04-01,-1.2679676838847223,-0.2299998108357597,1988-04-01
1988-05-01,-1.4209074180573336,-0.14573631659900696,1988-05-01
1988-06-01,0.3556673778566221,0.2933805690256171,1988-06-01
1988-07-01,-0.585541463775438,0.06020616676966072,1988-07-01
1988-08-01,-0.936792923603662,0.09608393257878985,1988-08-01
1988-09-01,0.9177681203611715,0.28252899159381495,1988-09-01
1988-10-01,0.6482698219131566,0.24793387348105905,1988-10-01
1988-11-01,-0.8339914568505931,0.05940478583612704,1988-11-01
1988-12-01,-0.9957661797798911,0.18053173342091566,1988-12-01
1989-01-01,-0.024116143047527034,0.040486022772579976,1989-01-01
1989-02-01,-0.3114317869957483,0.030310082597419217,1989-02-01
1989-03-01,-0.7314157064785626,-0.023800243340493223,1989-03-01
1989-04-01,0.7972639216352907,0.04461942991833916,1989-04-01
1989-05-01,1.4154168115535015,0.11138568367841652,1989-05-01
1989-06-01,2.2379840668518147,0.3394847964766927,1989-06-01
1989-07-01,1.7842550740599408,-0.10204963056500173,1989-07-01
1989-08-01,-0.7774066258962457,0.07221045902443297,1989-08-01
1989-09-01,-0.2809877366848173,-0.11926418996108082,1989-09-01
1989-10-01,0.9680986019207269,0.008948093337638798,1989-10-01
1989-11-01,0.8177644948459744,-0.005330627924335898,1989-11-01
1989-12-01,0.24611362774038353,-0.03202657875389776,1989-12-01
1990-01-01,-1.2825327942459928,-0.4345556596057019,1990-01-01
1990-02-01,-0.9383050092732027,-0.27167741945167645,1990-02-01
1990-03-01,-0.610376510635087,0.004620583457891459,1990-03-01
1990-04-01,-0.44033730047974695,-0.28060344950256255,1990-04-01
1990-05-01,0.3031272513901291,-0.08198462737695045,1990-05-01
1990-06-01,1.1439023257169778,0.15916989046421573,1990-06-01
1990-07-01,0.4818215673832349,-0.17037526869896705,1990-07-01
1990-08-01,-0.2067966277330392,-0.6144256820869636,1990-08-01
1990-09-01,-0.19818279650319784,-0.2801569143078544,1990-09-01
1990-10-01,0.8396860292392947,0.017536320163804926,1990-10-01
1990-11-01,1.3016943112462798,0.19687146515096304,1990-11-01
1990-12-01,1.2682998508926784,0.14566047532951634,1990-12-01
1991-01-01,0.4979493555987594,-0.4844276159563007,1991-01-01
1991-02-01,1.2341523309528288,-0.07855155030834908,1991-02-01
1991-03-01,-0.987071088598852,-0.31591718993811607,1991-03-01
1991-04-01,0.547296889225235,-0.13571553180257798,1991-04-01
1991-05-01,0.30824051791152757,-0.2860478419621028,1991-05-01
1991-06-01,-0.8613559539101016,-0.11658065585988331,1991-06-01
1991-07-01,0.21941901886313225,-0.07299498062821336,1991-07-01
1991-08-01,2.077777983155688,-0.09396137854281653,1991-08-01
1991-09-01,1.2935950122927815,0.098701189217059,1991-09-01
1991-10-01,1.1793873852074506,-0.09574965179616966,1991-10-01
1991-11-01,1.375926702806975,-0.4540703220163722,1991-11-01
1991-12-01,2.3235394903652433,-0.29212368894705154,1991-12-01
1992-01-01,0.33458414983493956,-0.3942496211108138,1992-01-01
1992-02-01,-1.3920447308770838,-0.3004267711866089,1992-02-01
1992-03-01,-1.7328633860680842,0.2464728735679245,1992-03-01
1992-04-01,1.1014638572910316,-0.5238325145324692,1992-04-01
1992-05-01,0.632069485374395,-0.08908786054465379,1992-05-01
1992-06-01,0.9200177033955895,0.13952213948384037,1992-06-01
1992-07-01,3.2480824069736207,-0.3274559736189405,1992-07-01
1992-08-01,1.3433720114701544,0.17010361167618143,1992-08-01
1992-09-01,1.5842676793176038,-0.42092971434456383,1992-09-01
1992-10-01,-1.0977553760972327,-0.07979718019682217,1992-10-01
1992-11-01,-2.4301144811056563,0.35973947238141146,1992-11-01
1992-12-01,0.039095178043857336,0.2088094019009743,1992-12-01
1993-01-01,1.441619650185672,-0.16895171887226484,1993-01-01
1993-02-01,2.0382897649381344,0.4151911979215779,1993-02-01
1993-03-01,1.3450221804080695,0.35548837139105716,1993-03-01
1993-04-01,0.593415655261333,-0.20620469204405512,1993-04-01
1993-05-01,-0.5189652941758459,0.15041566855492208,1993-05-01
1993-06-01,-0.25444259015923726,0.6275454613404349,1993-06-01
1993-07-01,0.8624274139040481,0.1346118179684622,1993-07-01
1993-08-01,0.6876720541157115,0.17320532390575497,1993-08-01
1993-09-01,1.658542484052942,0.5265145615354335,1993-09-01
1993-10-01,0.1598974913778952,0.1298943355044588,1993-10-01
1993-11-01,-2.251841944306637,-0.5624499634430876,1993-11-01
1993-12-01,-0.2080235028872141,-0.07935154129164623,1993-12-01
1994-01-01,0.4662041029358215,-0.11673550249311528,1994-01-01
1994-02-01,-1.884712483206786,0.14181758536145353,1994-02-01
1994-03-01,-3.190104263649089,-0.2597355070412656,1994-03-01
1994-04-01,-2.9203855405140646,-0.13252769066059547,1994-04-01
1994-05-01,-1.466594742745046,0.4177804884570065,1994-05-01
1994-06-01,0.46748535370351646,0.08201740005301908,1994-06-01
1994-07-01,-0.9061063462792516,-0.1058236509662053,1994-07-01
1994-08-01,0.16319525632270085,0.21160891433151638,1994-08-01
1994-09-01,-0.8839444402047466,-0.14824238836998674,1994-09-01
1994-10-01,-1.3675362107319022,-0.05922615996809498,1994-10-01
1994-11-01,-1.325733803142982,0.15789707415247023,1994-11-01
1994-12-01,-0.489495460908792,0.938170463597204,1994-12-01
1995-01-01,0.2845964094970076,-0.1152394886326847,1995-01-01
1995-02-01,1.6441568606283,0.11379072849330268,1995-02-01
1995-03-01,1.4694949693103312,0.12772391220631646,1995-03-01
1995-04-01,0.9526659137420866,0.04740211358764197,1995-04-01
1995-05-01,2.072490545725967,0.438039702119575,1995-05-01
1995-06-01,2.388159126888778,0.3900235123682838,1995-06-01
1995-07-01,-0.35370172725607907,-0.3586795190238073,1995-07-01
1995-08-01,-0.9884286269562843,-0.25325843953776833,1995-08-01
1995-09-01,1.3198443178777017,0.3836482356681002,1995-09-01
1995-10-01,0.8143366495424718,0.25704218604646484,1995-10-01
1995-11-01,0.9996849382509523,-0.027311368046474712,1995-11-01
1995-12-01,1.1538313711791341,0.2568900616134668,1995-12-01
1996-01-01,0.9275421043405031,-0.2196121910573611,1996-01-01
1996-02-01,-0.02100656793602313,-0.6121970352525523,1996-02-01
1996-03-01,-3.1610301805556227,-0.44223800823589143,1996-03-01
1996-04-01,-1.4115513461086575,-0.2774835093830075,1996-04-01
1996-05-01,-0.7791077953344455,-0.3179482099691153,1996-05-01
1996-06-01,-0.8319158744220834,-0.12451970334225866,1996-06-01
1996-07-01,0.3010906154837624,0.11247527874269266,1996-07-01
1996-08-01,1.2597701132052144,0.1636075840558932,1996-08-01
1996-09-01,-0.8867478862053442,-0.2033058004203165,1996-09-01
1996-10-01,1.6572384440237806,0.16798593382266544,1996-10-01
1996-11-01,1.5322609188222454,0.4531694952315483,1996-11-01
1996-12-01,-0.37308885373956246,-0.1760861508246511,1996-12-01
1997-01-01,-1.2069510431976145,-0.40013609940762257,1997-01-01
1997-02-01,0.7951831619105607,0.1640782215978617,1997-02-01
1997-03-01,-1.52600763859109,-0.25398706960475637,1997-03-01
1997-04-01,-0.9455864751194062,-0.16559723570609713,1997-04-01
1997-05-01,0.9819659235545574,0.16273099654732975,1997-05-01
1997-06-01,1.0877945096446568,0.13664182348656484,1997-06-01
1997-07-01,1.3374708430124662,0.3051005505012705,1997-07-01
1997-08-01,-0.21031109807309548,-0.17205069200560275,1997-08-01
1997-09-01,0.49479968536845187,0.08397770243646241,1997-09-01
1997-10-01,0.8898021011047272,0.24833778111717944,1997-10-01
1997-11-01,0.7041221757591215,0.3073590237266528,1997-11-01
1997-12-01,0.2839398877715514,0.2226425197313201,1997-12-01
1998-01-01,1.8921793653080572,0.1717841658655485,1998-01-01
1998-02-01,-0.21709054472055467,-0.05265317890554601,1998-02-01
1998-03-01,-0.5311185231325053,-0.11082752464895365,1998-03-01
1998-04-01,0.13837651192802625,-0.022671149787309313,1998-04-01
1998-05-01,-0.023944883911727558,0.01692109738370814,1998-05-01
1998-06-01,0.7616846518159521,0.28614972810412836,1998-06-01
1998-07-01,0.4005517462858277,-0.013349786395045547,1998-07-01
1998-08-01,1.1137885673665957,0.05934503366435554,1998-08-01
1998-09-01,3.6715106036479477,0.5870786337731415,1998-09-01
1998-10-01,2.9039458086438654,-0.28427975053512644,1998-10-01
1998-11-01,-2.586496382426085,-0.08679558207609872,1998-11-01
1998-12-01,0.8179911993518139,0.39873134415001243,1998-12-01
1999-01-01,-0.6455867857088351,-0.3385785565481089,1999-01-01
1999-02-01,-1.80641647582066,-0.5086730165399989,1999-02-01
1999-03-01,-1.245763303891168,-0.5383474684642506,1999-03-01
1999-04-01,0.54784380229077,-0.027658295472777893,1999-04-01
1999-05-01,-1.8906107544553847,-0.6880169505876033,1999-05-01
1999-06-01,-2.0440185929805574,-0.49711890687921634,1999-06-01
1999-07-01,0.6681944741336754,0.12742943504947074,1999-07-01
1999-08-01,-0.8075143624216982,-0.18859996275710186,1999-08-01
1999-09-01,0.21681595286046615,0.08600955750925547,1999-09-01
1999-10-01,-0.9971577678819097,-0.2125251661016676,1999-10-01
1999-11-01,0.38976738541074246,0.3783465216634626,1999-11-01
1999-12-01,-1.147476955822076,-0.13126433051496514,1999-12-01
2000-01-01,-1.6939636179831552,-0.40142279015887344,2000-01-01
2000-02-01,-0.12084590955735774,0.27249557039501926,2000-02-01
2000-03-01,0.9153747303534325,0.45940310874757395,2000-03-01
2000-04-01,1.14106318497314,0.437873022259508,2000-04-01
2000-05-01,-1.9648750852617713,-0.7113232945188313,2000-05-01
2000-06-01,1.7346730474307226,0.46147582956893635,2000-06-01
2000-07-01,0.6551530850791478,-0.006411999106445063,2000-07-01
2000-08-01,0.7922807079187544,0.48081912675926336,2000-08-01
2000-09-01,0.6036001398399313,-0.021973646014855304,2000-09-01
2000-10-01,0.8142874259418454,0.004355384210244539,2000-10-01
2000-11-01,0.3221022511526705,0.15164134797091042,2000-11-01
2000-12-01,2.9329096625172144,0.44318066756815666,2000-12-01
2001-01-01,2.12790616710786,-0.9556365319043362,2001-01-01
2001-02-01,0.4429419634256314,-0.19092596091623742,2001-02-01
2001-03-01,1.8394228466579963,-0.14742973969388326,2001-03-01
2001-04-01,-0.26625791825684664,-1.234674691861511,2001-04-01
2001-05-01,-0.7053059655201567,-1.0242726754318028,2001-05-01
2001-06-01,1.0532119445732515,-0.22228140373812982,2001-06-01
2001-07-01,0.39112623860282053,0.17383371099827952,2001-07-01
2001-08-01,1.753600185494348,0.1546960706397874,2001-08-01
2001-09-01,3.5207004403575057,-0.9189841632286807,2001-09-01
2001-10-01,2.4700533030279916,-1.013305457306118,2001-10-01
2001-11-01,-0.28348350565366565,-0.6964772773506503,2001-11-01
2001-12-01,-3.038915064323527,-0.9905840317295975,2001-12-01
2002-01-01,0.6273295245882898,-0.12324772150906686,2002-01-01
2002-02-01,0.4030626676735049,0.4762154336282008,2002-02-01
2002-03-01,-3.695852316648041,0.3218604311827637,2002-03-01
2002-04-01,0.9123988394148183,-0.1341748796895909,2002-04-01
2002-05-01,1.1627119847466754,-0.27026586470860203,2002-05-01
2002-06-01,2.1931358634419444,0.07632993638952275,2002-06-01
2002-07-01,3.1249006307712173,-0.28836845774091935,2002-07-01
2002-08-01,4.012186579219423,0.17390828946706316,2002-08-01
2002-09-01,2.779418345774536,1.0887397537910857,2002-09-01
2002-10-01,0.35655293106779845,-0.6839439050725282,2002-10-01
2002-11-01,-0.3540858065881023,-1.0933796992451827,2002-11-01
2002-12-01,0.6631583383219699,-0.3103754842174876,2002-12-01
2003-01-01,0.63723820252255,-0.6471732899306984,2003-01-01
2003-02-01,1.653042924853529,0.06968497700117667,2003-02-01
2003-03-01,1.2045525407430266,-0.016455040023917514,2003-03-01
2003-04-01,-1.1522149221714553,-0.40463778838863257,2003-04-01
2003-05-01,3.9044263653111195,0.7544155785284232,2003-05-01
2003-06-01,3.3731429606848127,-0.3281285856474944,2003-06-01
2003-07-01,-6.809905599873922,-1.8703368477926166,2003-07-01
2003-08-01,-5.711663835178559,-0.043828385553731544,2003-08-01
2003-09-01,2.0457265540464413,0.05530907358010031,2003-09-01
2003-10-01,-0.1482666486263641,0.047428745468930104,2003-10-01
2003-11-01,-1.2694414195598864,0.6474506332362583,2003-11-01
2003-12-01,0.3713932973215891,-0.12097441885489242,2003-12-01
2004-01-01,1.6816902700879695,-0.15240845805479442,2004-01-01
2004-02-01,0.5362804561270714,0.18443882231887124,2004-02-01
2004-03-01,2.679828159667226,0.46476577576518835,2004-03-01
2004-04-01,-6.656560415786737,-0.07303284006054625,2004-04-01
2004-05-01,-4.733425924366691,0.8419121169594032,2004-05-01
2004-06-01,-1.309982207962565,1.4336037609545023,2004-06-01
2004-07-01,1.7265915946218864,0.5554675042950264,2004-07-01
2004-08-01,1.763356416346369,0.3294958167129917,2004-08-01
2004-09-01,0.7127802798866056,0.8715607875396862,2004-09-01
2004-10-01,-0.09162310879040916,0.4381365262530917,2004-10-01
2004-11-01,-1.8228497941964281,0.6605112146478339,2004-11-01
2004-12-01,-0.7967403849711044,0.42784719698286006,2004-12-01
2005-01-01,-0.9049582688239354,0.5800895179405727,2005-01-01
2005-02-01,-0.5022239541425881,0.5964357111274821,2005-02-01
2005-03-01,-2.9157859386234795,-0.4282636415127379,2005-03-01
2005-04-01,1.1004120998377178,0.5122949834152245,2005-04-01
2005-05-01,1.1173663331817352,0.7109637840210067,2005-05-01
2005-06-01,0.6324437228460673,0.4412544626338397,2005-06-01
2005-07-01,-1.7013864190712245,-0.018077475975760354,2005-07-01
2005-08-01,-1.019366119035387,0.14926505605465668,2005-08-01
2005-09-01,0.7900249585748156,0.1509700513553698,2005-09-01
2005-10-01,-2.310344004883912,-0.2421864134018255,2005-10-01
2005-11-01,-0.7494216832741262,0.001014477121676412,2005-11-01
2005-12-01,0.4619133821780279,0.2145817471936037,2005-12-01
2006-01-01,0.2865870883119622,0.2686069673254624,2006-01-01
2006-02-01,-1.4650630379367262,-0.08229349817398726,2006-02-01
2006-03-01,-0.7523681480571597,-0.3726881361123977,2006-03-01
2006-04-01,-1.2371369028975556,-0.5282927239499483,2006-04-01
2006-05-01,-0.5129265327900182,-0.1729774884718822,2006-05-01
2006-06-01,-0.377734764511804,0.19696369782977155,2006-06-01
2006-07-01,0.20272031877999325,0.11776323765420989,2006-07-01
2006-08-01,1.4444976672654817,0.28968962369450707,2006-08-01
2006-09-01,1.0869946041372947,0.21617739121250124,2006-09-01
2006-10-01,-0.020954359450882244,0.00376399771768128,2006-10-01
2006-11-01,0.7481076986214151,0.3132849050868028,2006-11-01
2006-12-01,0.4720204294971973,-0.041004263062306055,2006-12-01
2007-01-01,-1.2898839349891604,-0.4164736617865441,2007-01-01
2007-02-01,0.3567374090924065,0.058966226520384475,2007-02-01
2007-03-01,1.524146885108194,0.20922174777764332,2007-03-01
2007-04-01,-0.6134145513475266,-0.3660721682570507,2007-04-01
2007-05-01,-0.3571642833112735,-0.20600399001294514,2007-05-01
2007-06-01,-1.9275841431446925,-0.9715601919028488,2007-06-01
2007-07-01,0.9080554316127564,0.19519641117952272,2007-07-01
2007-08-01,2.9244190430454755,0.10032221130832474,2007-08-01
2007-09-01,1.7902375068792384,-0.1642037492481676,2007-09-01
2007-10-01,0.23314750086001937,-0.15782911982452152,2007-10-01
2007-11-01,4.110797079132232,-0.0673013407927423,2007-11-01
2007-12-01,1.5274747820700283,-0.3344257226299883,2007-12-01
2008-01-01,4.749075866259438,-0.2589786782506145,2008-01-01
2008-02-01,2.970746153972282,-2.051864319949696,2008-02-01
2008-03-01,4.171015792781247,-1.139956592723804,2008-03-01
2008-04-01,-4.394785555744171,0.6089296845050369,2008-04-01
2008-05-01,-3.8942019554972775,0.7882579841275906,2008-05-01
2008-06-01,-3.247799684495214,0.48944404443149636,2008-06-01
2008-07-01,1.6482778544270393,-0.1920646644455576,2008-07-01
2008-08-01,1.553215002471,0.017650778037558035,2008-08-01
2008-09-01,3.0544396031237753,-0.46511847456643907,2008-09-01
2008-10-01,3.0353039688947745,-2.6116095732768825,2008-10-01
2008-11-01,5.117332692119993,-0.9599444517625199,2008-11-01
2008-12-01,11.042919003859266,0.2689145406861493,2008-12-01
2009-01-01,-0.7149415616302862,-1.426972071056638,2009-01-01
2009-02-01,-6.1455894482298445,1.0870612068751129,2009-02-01
2009-03-01,0.38930588940333205,-0.12895832758714668,2009-03-01
2009-04-01,-0.05059141737250806,-1.4198673900493217,2009-04-01
2009-05-01,-2.522480752864523,-2.6982539376447523,2009-05-01
2009-06-01,-6.284812892658479,-1.683996764309707,2009-06-01
2009-07-01,2.77752653187542,0.005749234138119956,2009-07-01
2009-08-01,-0.9769570539603788,-0.2506056693183499,2009-08-01
2009-09-01,2.8774495477873487,-0.49646571250297394,2009-09-01
2009-10-01,0.7042054000942903,-0.3882736676584148,2009-10-01
2009-11-01,2.0882311820213233,-1.5211613672847508,2009-11-01
2009-12-01,-2.1151649212342716,0.7154932552532441,2009-12-01
2010-01-01,-1.3492511701610082,-0.8166225035602948,2010-01-01
2010-02-01,1.2885457377566352,0.04566051325833147,2010-02-01
2010-03-01,-1.5480658857704495,1.1138146422048885,2010-03-01
2010-04-01,-1.9845361955174936,0.5697741581045636,2010-04-01
2010-05-01,5.1307281600369965,-0.0794044587356663,2010-05-01
2010-06-01,3.0788984235248527,-0.34300975353776325,2010-06-01
2010-07-01,3.5038503323189176,0.03365635795502651,2010-07-01
2010-08-01,4.741883515668237,0.5940524158028662,2010-08-01
2010-09-01,1.238595377334301,0.05856296605870549,2010-09-01
2010-10-01,4.39232632315544,-0.3365550370941288,2010-10-01
2010-11-01,-3.8922816163526366,-0.28700420699398466,2010-11-01
2010-12-01,-10.344917185496445,-1.8076637573511074,2010-12-01
2011-01-01,-0.34963307794760123,-0.948806015929624,2011-01-01
2011-02-01,-4.230768754982641,0.20952995902302593,2011-02-01
2011-03-01,2.3399743203774777,-0.23604196078813033,2011-03-01
2011-04-01,-0.49151755103377165,-0.3890701542923751,2011-04-01
2011-05-01,5.2204954306636,-0.8446979969679139,2011-05-01
2011-06-01,4.444284131290007,-0.1638945334550901,2011-06-01
2011-07-01,0.3250574884889168,0.3918267107445548,2011-07-01
2011-08-01,11.032645342023038,-0.2934134442664064,2011-08-01
2011-09-01,3.7223966428568303,1.1148946501146273,2011-09-01
2011-10-01,-5.921845274134204,0.05380103948470599,2011-10-01
2011-11-01,3.4054502772573656,0.958069429453791,2011-11-01
2011-12-01,-0.009113056311769525,0.9453627560870859,2011-12-01
2012-01-01,1.423934183581175,0.0475231053434049,2012-01-01
2012-02-01,-1.7858191117483133,2.825706255232496,2012-02-01
2012-03-01,-6.032604741503007,-0.010284471164327293,2012-03-01
2012-04-01,3.3823498583073754,0.2547024980411932,2012-04-01
2012-05-01,3.1599343243994067,2.4526405487817238,2012-05-01
2012-06-01,1.9517711809208018,1.5071041495865192,2012-06-01
2012-07-01,3.229255455482595,0.6869392463578967,2012-07-01
2012-08-01,-3.3142732303397073,-2.094841112634362,2012-08-01
2012-09-01,0.933642666456232,-0.13630546694263534,2012-09-01
2012-10-01,-1.3013361132816477,-0.16092220995564355,2012-10-01
2012-11-01,1.558949232983413,0.7561696151990875,2012-11-01
2012-12-01,-0.12931580630714126,-1.6164668688179833,2012-12-01
2013-01-01,-3.136936648218157,-2.3519602591586724,2013-01-01
2013-02-01,-1.0155381136779944,-0.20720912245621526,2013-02-01
2013-03-01,1.0154367548965393,-0.2851599618932235,2013-03-01
2013-04-01,4.232671035359872,0.03950566987451013,2013-04-01
2013-05-01,-3.8095419170705216,-1.636273674865494,2013-05-01
2013-06-01,-9.885606870152694,-1.904732086785176,2013-06-01
2013-07-01,-3.0343567050497877,-3.1025822011284188,2013-07-01
2013-08-01,-2.3331439278160295,-0.3797671561041406,2013-08-01
2013-09-01,-1.408791104257348,-0.6047555746684171,2013-09-01
2013-10-01,3.7272794859937344,0.8153933855518876,2013-10-01
2013-11-01,0.4759388486581329,-1.0012340106392479,2013-11-01
2013-12-01,-3.7171959366718674,-0.4272954841126955,2013-12-01
2014-01-01,-1.0917341140767498,0.027333985368480054,2014-01-01
2014-02-01,2.6105732690132966,0.32461395871774656,2014-02-01
2014-03-01,-2.71963891652584,0.9000679414235383,2014-03-01
2014-04-01,-0.29986347572506084,-1.001719833996749,2014-04-01
2014-05-01,2.204665717523974,0.057519428513273685,2014-05-01
2014-06-01,-1.6420379420001097,0.07457981159049683,2014-06-01
2014-07-01,-0.9940713646835962,1.3133650769705971,2014-07-01
2014-08-01,1.5305558290976804,0.37548611587581554,2014-08-01
2014-09-01,-2.7397499052548357,-0.19469607843907596,2014-09-01
2014-10-01,4.220385022213711,0.18535722320390596,2014-10-01
2014-11-01,-2.544185384060412,2.2263784501358623,2014-11-01
2014-12-01,-2.6883281080418038,5.262073776348134,2014-12-01
2015-01-01,4.7083561010532575,1.5317967261004641,2015-01-01
2015-02-01,-2.5280087924175705,0.11040331276818208,2015-02-01
2015-03-01,-1.1876992155097288,0.5119805233500063,2015-03-01
2015-04-01,3.3119608324710277,-0.0477747424216621,2015-04-01
2015-05-01,-3.9494259835685743,-1.4216771469222187,2015-05-01
2015-06-01,-3.061462545090803,0.26644651900357375,2015-06-01
2015-07-01,0.6988707223337394,0.6821509372975538,2015-07-01
2015-08-01,0.33483502834702283,2.863833751617173,2015-08-01
2015-09-01,0.5134487769262406,0.006425611533168957,2015-09-01
2015-10-01,2.9829709805291174,-1.4804128406549555,2015-10-01
2015-11-01,-8.31910068765196,4.898728222761346,2015-11-01
2015-12-01,-1.8807655299212724,2.6772509640925923,2015-12-01
2016-01-01,3.2382138721492137,-0.175350583087839,2016-01-01
2016-02-01,5.413297387340349,1.6956133966780331,2016-02-01
2016-03-01,-4.15268072786649,0.9883174824179571,2016-03-01
2016-04-01,2.9346649381615317,-0.6012602272683022,2016-04-01
2016-05-01,-0.9064740804100314,0.3745015882449988,2016-05-01
2016-06-01,3.2928716009976715,0.6150944131598868,2016-06-01
2016-07-01,2.7252776996479655,0.45888486637673853,2016-07-01
2016-08-01,-2.039869508888315,0.3875001309992224,2016-08-01
2016-09-01,-1.324240936660361,-0.3245798648661249,2016-09-01
2016-10-01,-2.611311702426431,-0.07012800282017359,2016-10-01
2016-11-01,-6.777307076218523,-2.190358074808661,2016-11-01
2016-12-01,-6.224277803400777,-0.8755770284028944,2016-12-01
2017-01-01,0.7187658417684047,0.07098741195547734,2017-01-01
2017-02-01,0.34203165975912236,-0.06139952697172759,2017-02-01
2017-03-01,-2.136971055516074,1.3019697215232808,2017-03-01
2017-04-01,2.3781902069731093,1.2097061603543167,2017-04-01
2017-05-01,-0.5601544430810469,0.5937762623619183,2017-05-01
2017-06-01,0.6191375515470462,1.2740393367422533,2017-06-01
2017-07-01,-1.3560729743404472,-0.7650643050734077,2017-07-01
2017-08-01,1.3166701218306296,0.6701003584769384,2017-08-01
2017-09-01,-0.26761023773564546,0.3482606451113024,2017-09-01
2017-10-01,-2.928485163500979,-0.22193821755414533,2017-10-01
2017-11-01,-1.2949139500874314,0.9499779047209124,2017-11-01
2017-12-01,-1.70991743980792,0.3244451618023951,2017-12-01
2018-01-01,-2.6163646982634523,-0.5124336501565585,2018-01-01
2018-02-01,-3.0013305289098144,-0.8070426252895347,2018-02-01
2018-03-01,-0.35511743055515077,0.5115209764303527,2018-03-01
2018-04-01,-0.7609745166792895,0.1730340546630832,2018-04-01
2018-05-01,-1.3613481114893797,-0.07520453769281357,2018-05-01
2018-06-01,0.41107952877113374,0.4925407303254272,2018-06-01
2018-07-01,-0.09626846343603108,0.34464067849824576,2018-07-01
2018-08-01,0.01562279788819592,0.20140999412010932,2018-08-01
2018-09-01,-1.2815746834909132,-0.1847726598630083,2018-09-01
2018-10-01,-1.1851017939162458,-0.3964024012879039,2018-10-01
2018-11-01,0.3826305240661407,0.2913898262126593,2018-11-01
2018-12-01,2.6880844447068797,1.0850949787891047,2018-12-01
2019-01-01,1.663970012638657,0.30264307183110123,2019-01-01
2019-02-01,0.5951713112753166,0.049329082591910454,2019-02-01
2019-03-01,1.4005520371156726,0.3176288121911339,2019-03-01
2019-04-01,0.7729924196672753,-0.08074778401828146,2019-04-01
2019-05-01,1.885746189724136,0.3916429222893708,2019-05-01
2019-06-01,5.159920121748416,0.6022225589477482,2019-06-01
2019-07-01,0.1524372245709275,-0.007549535137980693,2019-07-01
2019-08-01,5.762736817115214,1.9075377997658707,2019-08-01
2019-09-01,-1.430906523546735,-0.5157708566973187,2019-09-01
2019-10-01,1.0707342144179717,-0.859083517346874,2019-10-01
2019-11-01,-1.5727725488443325,-1.0894784382034746,2019-11-01
2019-12-01,-0.4405529630592573,-0.546560078040371,2019-12-01
2020-01-01,1.9845279994005651,0.6252749964204114,2020-01-01
2020-02-01,4.549596464898768,1.3092097107374996,2020-02-01
2020-03-01,17.63620221744361,-0.502402558949972,2020-03-01
2020-04-01,11.586597025730999,-0.6301739248013088,2020-04-01
2020-05-01,3.3628813812916536,-1.2268762575338736,2020-05-01
2020-06-01,-1.7061023296504767,0.3001661039726643,2020-06-01
2020-07-01,5.871040888417225,0.5405818062507379,2020-07-01
2020-08-01,0.9442256106597344,-1.4311757631695705,2020-08-01
2020-09-01,0.09916069519719589,-0.6066503258916268,2020-09-01
2020-10-01,-5.459240972184231,-2.4277966821979637,2020-10-01
2020-11-01,-3.5729627039751977,-1.9733639901786015,2020-11-01
2020-12-01,1.2365134815439156,-2.6052632610947466,2020-12-01
2021-01-01,-2.9978263673028485,-2.810289100974364,2021-01-01
2021-02-01,-2.465354075345915,-5.060026400097418,2021-02-01
2021-03-01,-11.60370284805639,-3.6387024821054137,2021-03-01
2021-04-01,-0.5108829135244802,-1.837738147038127,2021-04-01
2021-05-01,1.5335056420254252,-0.8474280752343081,2021-05-01
2021-06-01,-2.678471901795475,4.207041202392832,2021-06-01
2021-07-01,1.5012650639110372,3.241934524870622,2021-07-01
2021-08-01,0.4641412904806357,-0.5763946382075863,2021-08-01
2021-09-01,-3.109616017731592,-0.09214476737022763,2021-09-01
2021-10-01,-10.044946937951972,1.6922065369141366,2021-10-01
2021-11-01,-4.859869063046142,4.999462576938439,2021-11-01
2021-12-01,-3.631102437993816,6.124984465317798,2021-12-01
2022-01-01,-10.216365340020998,3.75270223393933,2022-01-01
2022-02-01,-8.528886860717112,5.230419908673256,2022-02-01
2022-03-01,-6.205987390369049,1.5371626166125767,2022-03-01
2022-04-01,-10.034050368835942,-0.7870419814240766,2022-04-01
2022-05-01,-1.2935914750480846,-0.058445228260728246,2022-05-01
2022-06-01,-3.9273147026873194,0.9329242164846197,2022-06-01
2022-07-01,1.2969409023943939,2.0919948684945626,2022-07-01
2022-08-01,-0.926420378683514,0.7262949087457813,2022-08-01
2022-09-01,-6.576919858974987,-1.504879978310679,2022-09-01
2022-10-01,-4.058720816553318,-0.6137626204961606,2022-10-01
